,Pharmacies Links
0,http://www.apothekenindex.at/apotheken/burgenland/eisenstadt/28-schutzengel-apotheke
1,http://www.apothekenindex.at/apotheken/burgenland/eisenstadt/36-burgenland-apotheke
2,http://www.apothekenindex.at/apotheken/burgenland/eisenstadt/22-schlangen-apotheke
3,http://www.apothekenindex.at/apotheken/burgenland/eisenstadt/1391-roemer-apotheke
4,http://www.apothekenindex.at/apotheken/burgenland/eisenstadt/33-die-ruster-apotheke
5,http://www.apothekenindex.at/apotheken/burgenland/eisenstadt/15-schutzengel-apotheke
6,http://www.apothekenindex.at/apotheken/burgenland/eisenstadt/16-schutzengel-filialapotheke
7,http://www.apothekenindex.at/apotheken/burgenland/eisenstadt-stadt/17-apotheke-der-barmherzigen-brueder-zum-granatapfel
8,http://www.apothekenindex.at/apotheken/burgenland/eisenstadt-stadt/42-marien-apotheke
9,http://www.apothekenindex.at/apotheken/burgenland/eisenstadt-stadt/18-salvator-apotheke
10,http://www.apothekenindex.at/apotheken/burgenland/guessing/21-diana-apotheke
11,http://www.apothekenindex.at/apotheken/burgenland/guessing/37-salvator-apotheke
12,http://www.apothekenindex.at/apotheken/burgenland/jenersdorf/23-salvator-apotheke
13,http://www.apothekenindex.at/apotheken/burgenland/mattersburg/12-kloster-apotheke
14,http://www.apothekenindex.at/apotheken/burgenland/mattersburg/34-passage-apotheke
15,http://www.apothekenindex.at/apotheken/burgenland/mattersburg/35-kurbad-apotheke
16,http://www.apothekenindex.at/apotheken/burgenland/mattersburg/27-salvator-apotheke
17,http://www.apothekenindex.at/apotheken/burgenland/mattersburg/51-kloster-apotheke
18,http://www.apothekenindex.at/apotheken/burgenland/mattersburg/49-sebastian-apotheke
19,http://www.apothekenindex.at/apotheken/burgenland/neusiedl/24-salvator-apotheke
20,http://www.apothekenindex.at/apotheken/burgenland/neusiedl/39-heide-apotheke
21,http://www.apothekenindex.at/apotheken/burgenland/neusiedl/13-bahnhof-apotheke
22,http://www.apothekenindex.at/apotheken/burgenland/neusiedl/1295-apotheke-jois-filialapotheke
23,http://www.apothekenindex.at/apotheken/burgenland/neusiedl/45-sonnenland-apotheke
24,http://www.apothekenindex.at/apotheken/burgenland/neusiedl/29-magpharm-jobs-kreisapotheke
25,http://www.apothekenindex.at/apotheken/burgenland/neusiedl/1393-apotheke-im-fashion-outlet
26,http://www.apothekenindex.at/apotheken/burgenland/neusiedl/52-pannonia-apotheke
27,http://www.apothekenindex.at/apotheken/burgenland/neusiedl/46-apotheke-st-martin
28,http://www.apothekenindex.at/apotheken/burgenland/neusiedl/19-seewinkel-apotheke
29,http://www.apothekenindex.at/apotheken/burgenland/neusiedl/48-elisabeth-apotheke
30,http://www.apothekenindex.at/apotheken/burgenland/neusiedl/38-schutzengel-apotheke
31,http://www.apothekenindex.at/apotheken/burgenland/oberpullendorf/14-apotheke-zum-heiligen-geist
32,http://www.apothekenindex.at/apotheken/burgenland/oberpullendorf/50-schlossapotheke-lackenbach
33,http://www.apothekenindex.at/apotheken/burgenland/oberpullendorf/25-apotheke-zum-schwarzen-adler
34,http://www.apothekenindex.at/apotheken/burgenland/oberpullendorf/30-apotheke-zum-mohren
35,http://www.apothekenindex.at/apotheken/burgenland/oberpullendorf/26-apotheke-zur-heiligen-margarete
36,http://www.apothekenindex.at/apotheken/burgenland/oberwart/31-kronen-apotheke
37,http://www.apothekenindex.at/apotheken/burgenland/oberwart/47-bach-apotheke-zum-hl-christophorus
38,http://www.apothekenindex.at/apotheken/burgenland/oberwart/43-apotheke-zum-goldenen-kreuz
39,http://www.apothekenindex.at/apotheken/burgenland/oberwart/32-apotheke-zum-salvator
40,http://www.apothekenindex.at/apotheken/burgenland/oberwart/40-filial-apotheke
41,http://www.apothekenindex.at/apotheken/burgenland/oberwart/41-apotheke-zur-goettlichen-vorsehung
42,http://www.apothekenindex.at/apotheken/burgenland/oberwart/44-engel-apotheke
43,http://www.apothekenindex.at/apotheken/burgenland/oberwart/20-schutzengel-apotheke
44,http://www.apothekenindex.at/apotheken/kaernten/feldkirchen/979-sonnen-apotheke
45,http://www.apothekenindex.at/apotheken/kaernten/feldkirchen/998-vitalis-apotheke
46,http://www.apothekenindex.at/apotheken/kaernten/feldkirchen/976-stadt-apotheke
47,http://www.apothekenindex.at/apotheken/kaernten/feldkirchen/919-salvator-apotheke
48,http://www.apothekenindex.at/apotheken/kaernten/hermagor/995-gailtal-apotheke
49,http://www.apothekenindex.at/apotheken/kaernten/hermagor/924-adler-apotheke
50,http://www.apothekenindex.at/apotheken/kaernten/hermagor/932-apotheke-zum-heiligen-josef
51,http://www.apothekenindex.at/apotheken/kaernten/klagenfurt-land/1002-moosburg-apotheke
52,http://www.apothekenindex.at/apotheken/kaernten/klagenfurt-land/1371-virunum-apotheke
53,http://www.apothekenindex.at/apotheken/kaernten/klagenfurt-land/11-apotheke-ebenthal
54,http://www.apothekenindex.at/apotheken/kaernten/klagenfurt-land/1416-rittersporn-apotheke
55,http://www.apothekenindex.at/apotheken/kaernten/klagenfurt-land/1372-kornblumen-apotheke
56,http://www.apothekenindex.at/apotheken/kaernten/klagenfurt-land/920-adler-apotheke
57,http://www.apothekenindex.at/apotheken/kaernten/klagenfurt-land/1299-karawanken-apotheke
58,http://www.apothekenindex.at/apotheken/kaernten/klagenfurt-land/966-see-apotheke
59,http://www.apothekenindex.at/apotheken/kaernten/klagenfurt-land/959-st-anna-apotheke
60,http://www.apothekenindex.at/apotheken/kaernten/klagenfurt-stadt/965-ring-apotheke
61,http://www.apothekenindex.at/apotheken/kaernten/klagenfurt-stadt/989-sankt-georg-apotheke
62,http://www.apothekenindex.at/apotheken/kaernten/klagenfurt-stadt/929-apotheke-vorm-lindwurm
63,http://www.apothekenindex.at/apotheken/kaernten/klagenfurt-stadt/1384-bernstein-apotheke
64,http://www.apothekenindex.at/apotheken/kaernten/klagenfurt-stadt/963-paracelsus-apotheke
65,http://www.apothekenindex.at/apotheken/kaernten/klagenfurt-stadt/987-uni-apotheke
66,http://www.apothekenindex.at/apotheken/kaernten/klagenfurt-stadt/928-team-sant-obelisk-apotheke
67,http://www.apothekenindex.at/apotheken/kaernten/klagenfurt-stadt/1361-suedring-apotheke
68,http://www.apothekenindex.at/apotheken/kaernten/klagenfurt-stadt/961-st-peter-apotheke
69,http://www.apothekenindex.at/apotheken/kaernten/klagenfurt-stadt/983-noreia-apotheke
70,http://www.apothekenindex.at/apotheken/kaernten/klagenfurt-stadt/927-hirschen-apotheke
71,http://www.apothekenindex.at/apotheken/kaernten/klagenfurt-stadt/1333-vitalis-apotheke
72,http://www.apothekenindex.at/apotheken/kaernten/klagenfurt-stadt/958-obir-apotheke
73,http://www.apothekenindex.at/apotheken/kaernten/klagenfurt-stadt/977-fischl-apotheke
74,http://www.apothekenindex.at/apotheken/kaernten/klagenfurt-stadt/926-beneficium-kreuzbergl-apotheke
75,http://www.apothekenindex.at/apotheken/kaernten/klagenfurt-stadt/996-sonnenapotheke
76,http://www.apothekenindex.at/apotheken/kaernten/klagenfurt-stadt/956-nord-apotheke
77,http://www.apothekenindex.at/apotheken/kaernten/klagenfurt-stadt/925-landschafts-apotheke
78,http://www.apothekenindex.at/apotheken/kaernten/klagenfurt-stadt/993-die-apotheke-dr-fellner
79,http://www.apothekenindex.at/apotheken/kaernten/klagenfurt-stadt/931-loewen-apotheke
80,http://www.apothekenindex.at/apotheken/kaernten/klagenfurt-stadt/968-baeren-apotheke
81,http://www.apothekenindex.at/apotheken/kaernten/klagenfurt-stadt/10-lendorf-apotheke
82,http://www.apothekenindex.at/apotheken/kaernten/klagenfurt-stadt/990-feschnig-apotheke
83,http://www.apothekenindex.at/apotheken/kaernten/klagenfurt-stadt/930-engel-apotheke
84,http://www.apothekenindex.at/apotheken/kaernten/klagenfurt-stadt/972-apotheke-viktring
85,http://www.apothekenindex.at/apotheken/kaernten/spittal-an-der-drau/937-paracelsus-apotheke
86,http://www.apothekenindex.at/apotheken/kaernten/spittal-an-der-drau/973-kur-apotheke
87,http://www.apothekenindex.at/apotheken/kaernten/spittal-an-der-drau/923-laurentius-apotheke
88,http://www.apothekenindex.at/apotheken/kaernten/spittal-an-der-drau/969-malchus-apotheke
89,http://www.apothekenindex.at/apotheken/kaernten/spittal-an-der-drau/945-hubertus-apotheke
90,http://www.apothekenindex.at/apotheken/kaernten/spittal-an-der-drau/944-porcia-apotheke
91,http://www.apothekenindex.at/apotheken/kaernten/spittal-an-der-drau/1394-tauern-apotheke
92,http://www.apothekenindex.at/apotheken/kaernten/spittal-an-der-drau/978-teurnia-apotheke
93,http://www.apothekenindex.at/apotheken/kaernten/spittal-an-der-drau/934-adler-apotheke
94,http://www.apothekenindex.at/apotheken/kaernten/spittal-an-der-drau/922-heiligen-geist-apotheke
95,http://www.apothekenindex.at/apotheken/kaernten/spittal-an-der-drau/981-jakobus-apotheke
96,http://www.apothekenindex.at/apotheken/kaernten/spittal-an-der-drau/933-see-apotheke
97,http://www.apothekenindex.at/apotheken/kaernten/spittal-an-der-drau/938-filialapotheke-doebriach
98,http://www.apothekenindex.at/apotheken/kaernten/sankt-veit-an-der-glan/943-baeren-apotheke
99,http://www.apothekenindex.at/apotheken/kaernten/sankt-veit-an-der-glan/942-vitus-apotheke
100,http://www.apothekenindex.at/apotheken/kaernten/sankt-veit-an-der-glan/991-apotheke-wayerfeld
101,http://www.apothekenindex.at/apotheken/kaernten/sankt-veit-an-der-glan/1402-krappfeld-apotheke
102,http://www.apothekenindex.at/apotheken/kaernten/sankt-veit-an-der-glan/916-salvator-apotheke
103,http://www.apothekenindex.at/apotheken/kaernten/sankt-veit-an-der-glan/946-engel-apotheke
104,http://www.apothekenindex.at/apotheken/kaernten/sankt-veit-an-der-glan/1400-weitensfeld-apotheke
105,http://www.apothekenindex.at/apotheken/kaernten/sankt-veit-an-der-glan/921-stadt-apotheke
106,http://www.apothekenindex.at/apotheken/kaernten/sankt-veit-an-der-glan/1320-apotheke-brueckl
107,http://www.apothekenindex.at/apotheken/kaernten/villach/980-rosen-apotheke
108,http://www.apothekenindex.at/apotheken/kaernten/villach/947-sonnen-apotheke
109,http://www.apothekenindex.at/apotheken/kaernten/villach/1000-woertherseeapotheke
110,http://www.apothekenindex.at/apotheken/kaernten/villach/992-apotheke-wernberg
111,http://www.apothekenindex.at/apotheken/kaernten/villach/971-drau-apotheke
112,http://www.apothekenindex.at/apotheken/kaernten/villach/994-marien-apotheke
113,http://www.apothekenindex.at/apotheken/kaernten/villach/949-engel-apotheke
114,http://www.apothekenindex.at/apotheken/kaernten/villach/964-perau-apotheke
115,http://www.apothekenindex.at/apotheken/kaernten/villach/948-team-sant-obere-apotheke
116,http://www.apothekenindex.at/apotheken/kaernten/villach/962-lind-apotheke
117,http://www.apothekenindex.at/apotheken/kaernten/villach/986-st-martin-apotheke
118,http://www.apothekenindex.at/apotheken/kaernten/villach/960-voelkendorf-apotheke
119,http://www.apothekenindex.at/apotheken/kaernten/villach/1001-flora-apotheke
120,http://www.apothekenindex.at/apotheken/kaernten/villach/955-st-leonhard-apotheke
121,http://www.apothekenindex.at/apotheken/kaernten/villach/951-kreis-apotheke-zum-goldenen-loewen
122,http://www.apothekenindex.at/apotheken/kaernten/villach/999-sonnen-apotheke
123,http://www.apothekenindex.at/apotheken/kaernten/villach/950-wulfenia-apotheke
124,http://www.apothekenindex.at/apotheken/kaernten/villach/1298-gerlitzen-apotheke
125,http://www.apothekenindex.at/apotheken/kaernten/villach/985-apotheke-landskron
126,http://www.apothekenindex.at/apotheken/kaernten/villach/917-schutzengel-apotheke
127,http://www.apothekenindex.at/apotheken/kaernten/villach/982-elisabeth-apotheke
128,http://www.apothekenindex.at/apotheken/kaernten/villach/1354-fuernitz-apotheke
129,http://www.apothekenindex.at/apotheken/kaernten/villach/936-mariahilf-apotheke
130,http://www.apothekenindex.at/apotheken/kaernten/villach/935-damian-apotheke
131,http://www.apothekenindex.at/apotheken/kaernten/voelkermarkt/952-apotheke-zur-mariahilf
132,http://www.apothekenindex.at/apotheken/kaernten/voelkermarkt/984-stadt-apotheke
133,http://www.apothekenindex.at/apotheken/kaernten/voelkermarkt/941-burg-apotheke
134,http://www.apothekenindex.at/apotheken/kaernten/voelkermarkt/957-kanzianus-apotheke
135,http://www.apothekenindex.at/apotheken/kaernten/voelkermarkt/974-filialapotheke-kuehnsdorf
136,http://www.apothekenindex.at/apotheken/kaernten/voelkermarkt/975-jauntal-apotheke
137,http://www.apothekenindex.at/apotheken/kaernten/voelkermarkt/918-apotheke-bleiburg
138,http://www.apothekenindex.at/apotheken/kaernten/wolfsberg/970-team-sant-barbara-apotheke
139,http://www.apothekenindex.at/apotheken/kaernten/wolfsberg/954-apotheke-zum-weissen-wolf
140,http://www.apothekenindex.at/apotheken/kaernten/wolfsberg/953-apotheke-zur-mariahilf
141,http://www.apothekenindex.at/apotheken/kaernten/wolfsberg/997-team-sant-activa-apotheke
142,http://www.apothekenindex.at/apotheken/kaernten/wolfsberg/988-paracelsus-apotheke
143,http://www.apothekenindex.at/apotheken/kaernten/wolfsberg/967-stadt-apotheke
144,http://www.apothekenindex.at/apotheken/kaernten/wolfsberg/1278-loretto-apotheke
145,http://www.apothekenindex.at/apotheken/kaernten/wolfsberg/939-stadtapotheke-zum-heiligen-leonhard
146,http://www.apothekenindex.at/apotheken/kaernten/wolfsberg/940-apotheke-zur-mariahilf
147,http://www.apothekenindex.at/apotheken/niederoesterreich/amstetten/540-stadion-apotheke
148,http://www.apothekenindex.at/apotheken/niederoesterreich/amstetten/353-stadt-apotheke-zum-guten-hirten
149,http://www.apothekenindex.at/apotheken/niederoesterreich/amstetten/1418-cca-apotheke
150,http://www.apothekenindex.at/apotheken/niederoesterreich/amstetten/352-mariahilf-apotheke
151,http://www.apothekenindex.at/apotheken/niederoesterreich/amstetten/1331-elias-apotheke
152,http://www.apothekenindex.at/apotheken/niederoesterreich/amstetten/488-apotheke-an-der-eisenstrasse
153,http://www.apothekenindex.at/apotheken/niederoesterreich/amstetten/489-apotheke-rosenau
154,http://www.apothekenindex.at/apotheken/niederoesterreich/amstetten/377-st-michael-apotheke
155,http://www.apothekenindex.at/apotheken/niederoesterreich/amstetten/562-apotheke-st-peterau
156,http://www.apothekenindex.at/apotheken/niederoesterreich/amstetten/432-linden-apotheke
157,http://www.apothekenindex.at/apotheken/niederoesterreich/amstetten/554-apotheke-zum-heiligen-martin
158,http://www.apothekenindex.at/apotheken/niederoesterreich/amstetten/487-apotheke-zur-hofmuehle
159,http://www.apothekenindex.at/apotheken/niederoesterreich/amstetten/429-st-valentinus-apotheke
160,http://www.apothekenindex.at/apotheken/niederoesterreich/amstetten/545-nibelungen-apotheke
161,http://www.apothekenindex.at/apotheken/niederoesterreich/baden/1332-sonnhof-apotheke
162,http://www.apothekenindex.at/apotheken/niederoesterreich/baden/364-st-anna-apotheke
163,http://www.apothekenindex.at/apotheken/niederoesterreich/baden/415-apotheke-zum-st-nikolaus
164,http://www.apothekenindex.at/apotheken/niederoesterreich/baden/354-landschafts-apotheke
165,http://www.apothekenindex.at/apotheken/niederoesterreich/baden/358-marien-apotheke
166,http://www.apothekenindex.at/apotheken/niederoesterreich/baden/357-apotheke-zur-weilburg
167,http://www.apothekenindex.at/apotheken/niederoesterreich/baden/356-heiligen-geist-apotheke
168,http://www.apothekenindex.at/apotheken/niederoesterreich/baden/355-heilquell-apotheke
169,http://www.apothekenindex.at/apotheken/niederoesterreich/baden/542-aeskulap-apotheke
170,http://www.apothekenindex.at/apotheken/niederoesterreich/baden/1259-activ-apotheke-tribuswinkel
171,http://www.apothekenindex.at/apotheken/niederoesterreich/baden/541-schutzengel-apotheke
172,http://www.apothekenindex.at/apotheken/niederoesterreich/baden/439-engel-apotheke
173,http://www.apothekenindex.at/apotheken/niederoesterreich/baden/1271-trumau-apotheke
174,http://www.apothekenindex.at/apotheken/niederoesterreich/baden/531-triesting-apotheke
175,http://www.apothekenindex.at/apotheken/niederoesterreich/baden/553-die-apoteeke-in-teesdorf
176,http://www.apothekenindex.at/apotheken/niederoesterreich/baden/543-buchen-apotheke
177,http://www.apothekenindex.at/apotheken/niederoesterreich/baden/442-apotheke-zum-erloeser
178,http://www.apothekenindex.at/apotheken/niederoesterreich/baden/1347-unsere-sonnenschein-apotheke
179,http://www.apothekenindex.at/apotheken/niederoesterreich/baden/527-kur-apotheke
180,http://www.apothekenindex.at/apotheken/niederoesterreich/baden/524-schloss-apotheke
181,http://www.apothekenindex.at/apotheken/niederoesterreich/baden/397-apotheke-zum-heilsamen-brunnen
182,http://www.apothekenindex.at/apotheken/niederoesterreich/baden/366-paracelsus-apotheke
183,http://www.apothekenindex.at/apotheken/niederoesterreich/baden/359-apotheke-zur-heiligen-dreifaltigkeit
184,http://www.apothekenindex.at/apotheken/niederoesterreich/baden/416-apotheke-zum-heiligen-antonius
185,http://www.apothekenindex.at/apotheken/niederoesterreich/bruck-an-der-leitha/484-apotheke-zum-roemer
186,http://www.apothekenindex.at/apotheken/niederoesterreich/bruck-an-der-leitha/379-stadtapotheke
187,http://www.apothekenindex.at/apotheken/niederoesterreich/bruck-an-der-leitha/1353-apotheke-enzersdorf-an-der-fischa
188,http://www.apothekenindex.at/apotheken/niederoesterreich/bruck-an-der-leitha/401-apotheke-zum-heiligen-leopold
189,http://www.apothekenindex.at/apotheken/niederoesterreich/bruck-an-der-leitha/360-apotheke-zur-heiligen-dreifaltigkeit
190,http://www.apothekenindex.at/apotheken/niederoesterreich/bruck-an-der-leitha/1389-plus-apotheke
191,http://www.apothekenindex.at/apotheken/niederoesterreich/gmuend/496-apotheke-zur-heiligen-margaretha
192,http://www.apothekenindex.at/apotheken/niederoesterreich/gmuend/398-stadt-apotheke-litschau
193,http://www.apothekenindex.at/apotheken/niederoesterreich/gmuend/431-stadt-apotheke
194,http://www.apothekenindex.at/apotheken/niederoesterreich/gmuend/373-apotheke-zum-auge-gottes
195,http://www.apothekenindex.at/apotheken/niederoesterreich/gmuend/456-apotheke-gmuend-neustadt
196,http://www.apothekenindex.at/apotheken/niederoesterreich/gmuend/444-apotheke-zum-schwarzen-adler
197,http://www.apothekenindex.at/apotheken/niederoesterreich/gaenserndorf/455-apotheke-zur-heiligen-dreifaltigkeit
198,http://www.apothekenindex.at/apotheken/niederoesterreich/gaenserndorf/368-bezirks-apotheke
199,http://www.apothekenindex.at/apotheken/niederoesterreich/gaenserndorf/529-stadt-apotheke
200,http://www.apothekenindex.at/apotheken/niederoesterreich/gaenserndorf/514-apotheke-strasshof
201,http://www.apothekenindex.at/apotheken/niederoesterreich/gaenserndorf/563-marchfeldapotheke
202,http://www.apothekenindex.at/apotheken/niederoesterreich/gaenserndorf/361-engel-apotheke
203,http://www.apothekenindex.at/apotheken/niederoesterreich/gaenserndorf/363-marien-apotheke
204,http://www.apothekenindex.at/apotheken/niederoesterreich/gaenserndorf/384-apotheke-zum-schwarzen-adler
205,http://www.apothekenindex.at/apotheken/niederoesterreich/gaenserndorf/566-raffael-apotheke
206,http://www.apothekenindex.at/apotheken/niederoesterreich/gaenserndorf/402-apotheke-marchegg-kg
207,http://www.apothekenindex.at/apotheken/niederoesterreich/gaenserndorf/460-stadt-apotheke-zur-hl-dreifaltigkeit
208,http://www.apothekenindex.at/apotheken/niederoesterreich/gaenserndorf/1287-salvia-apotheke
209,http://www.apothekenindex.at/apotheken/niederoesterreich/hollabrunn/386-stadt-apotheke
210,http://www.apothekenindex.at/apotheken/niederoesterreich/hollabrunn/512-st-ulrich-apotheke
211,http://www.apothekenindex.at/apotheken/niederoesterreich/hollabrunn/381-apotheke-zur-heiligen-dreifaltigkeit
212,http://www.apothekenindex.at/apotheken/niederoesterreich/hollabrunn/423-apotheke-zum-weissen-engel
213,http://www.apothekenindex.at/apotheken/niederoesterreich/hollabrunn/454-apotheke-zum-heiligen-leopold
214,http://www.apothekenindex.at/apotheken/niederoesterreich/hollabrunn/421-marien-apotheke
215,http://www.apothekenindex.at/apotheken/niederoesterreich/hollabrunn/419-apotheke-pulkau
216,http://www.apothekenindex.at/apotheken/niederoesterreich/horn/362-apotheke-zum-erloeser
217,http://www.apothekenindex.at/apotheken/niederoesterreich/horn/369-apotheke-zur-heiligen-gertrud
218,http://www.apothekenindex.at/apotheken/niederoesterreich/horn/519-stefans-apotheke
219,http://www.apothekenindex.at/apotheken/niederoesterreich/horn/387-landschafts-apotheke-zum-schwarzen-adler
220,http://www.apothekenindex.at/apotheken/niederoesterreich/horn/365-stadt-apotheke-zum-heiligen-leopold
221,http://www.apothekenindex.at/apotheken/niederoesterreich/korneuburg/437-landschaftliche-apotheke-zur-hl-dreifaltigkeit
222,http://www.apothekenindex.at/apotheken/niederoesterreich/korneuburg/436-apotheke-zum-goettlichen-heiland
223,http://www.apothekenindex.at/apotheken/niederoesterreich/korneuburg/536-loewen-apotheke
224,http://www.apothekenindex.at/apotheken/niederoesterreich/korneuburg/558-rohrwald-apotheke
225,http://www.apothekenindex.at/apotheken/niederoesterreich/korneuburg/391-kreis-apotheke-zum-schwarzen-adler
226,http://www.apothekenindex.at/apotheken/niederoesterreich/korneuburg/490-paracelsus-apotheke
227,http://www.apothekenindex.at/apotheken/niederoesterreich/korneuburg/539-sankt-richard-apotheke
228,http://www.apothekenindex.at/apotheken/niederoesterreich/korneuburg/469-marien-apotheke
229,http://www.apothekenindex.at/apotheken/niederoesterreich/korneuburg/493-apotheke-ernstbrunn
230,http://www.apothekenindex.at/apotheken/niederoesterreich/krems/378-apotheke-zum-auge-gottes
231,http://www.apothekenindex.at/apotheken/niederoesterreich/krems/395-mohren-apotheke
232,http://www.apothekenindex.at/apotheken/niederoesterreich/krems/394-apotheke-zum-schwarzen-adler
233,http://www.apothekenindex.at/apotheken/niederoesterreich/krems/534-apotheke-lerchenfeld
234,http://www.apothekenindex.at/apotheken/niederoesterreich/krems/502-apotheke-mitterau
235,http://www.apothekenindex.at/apotheken/niederoesterreich/krems/480-wienertor-apotheke
236,http://www.apothekenindex.at/apotheken/niederoesterreich/krems/392-apotheke-zum-engel
237,http://www.apothekenindex.at/apotheken/niederoesterreich/krems/1260-apotheke-am-goettweiger
238,http://www.apothekenindex.at/apotheken/niederoesterreich/krems/393-apotheke-zum-engel-filialapotheke
239,http://www.apothekenindex.at/apotheken/niederoesterreich/krems/371-apotheke-zum-heiligen-andreas
240,http://www.apothekenindex.at/apotheken/niederoesterreich/krems/396-adler-apotheke-langenlois-magpharmbitzan-kg
241,http://www.apothekenindex.at/apotheken/niederoesterreich/krems/1275-kamptal-apotheke
242,http://www.apothekenindex.at/apotheken/niederoesterreich/krems/435-apotheke-zum-heiligen-geist
243,http://www.apothekenindex.at/apotheken/niederoesterreich/lilienfeld/481-johannes-apotheke
244,http://www.apothekenindex.at/apotheken/niederoesterreich/lilienfeld/380-stadtapotheke
245,http://www.apothekenindex.at/apotheken/niederoesterreich/lilienfeld/482-kronen-apotheke
246,http://www.apothekenindex.at/apotheken/niederoesterreich/lilienfeld/385-wald-apotheke
247,http://www.apothekenindex.at/apotheken/niederoesterreich/melk/400-apotheke-zur-heiligen-maria
248,http://www.apothekenindex.at/apotheken/niederoesterreich/melk/1268-apotheke-leonhofen
249,http://www.apothekenindex.at/apotheken/niederoesterreich/melk/453-apotheke-zum-heiligen-geist
250,http://www.apothekenindex.at/apotheken/niederoesterreich/melk/486-apotheke-blindenmarkt
251,http://www.apothekenindex.at/apotheken/niederoesterreich/melk/413-salvator-apotheke
252,http://www.apothekenindex.at/apotheken/niederoesterreich/melk/1397-apotheke-lebensfreude
253,http://www.apothekenindex.at/apotheken/niederoesterreich/melk/399-apotheke-zur-heimat
254,http://www.apothekenindex.at/apotheken/niederoesterreich/melk/403-landschafts-apotheke
255,http://www.apothekenindex.at/apotheken/niederoesterreich/melk/414-apotheke-zur-mariahilf
256,http://www.apothekenindex.at/apotheken/niederoesterreich/melk/535-lindenapotheke
257,http://www.apothekenindex.at/apotheken/niederoesterreich/mistelbach/452-plus-apotheke-wolkersdorf-kg
258,http://www.apothekenindex.at/apotheken/niederoesterreich/mistelbach/560-weinviertel-apotheke
259,http://www.apothekenindex.at/apotheken/niederoesterreich/mistelbach/503-apotheke-lebenskraft
260,http://www.apothekenindex.at/apotheken/niederoesterreich/mistelbach/404-apotheke-mistelbach
261,http://www.apothekenindex.at/apotheken/niederoesterreich/mistelbach/497-apotheke-zum-heiligen-josef
262,http://www.apothekenindex.at/apotheken/niederoesterreich/mistelbach/438-apotheke-zur-mariahilf
263,http://www.apothekenindex.at/apotheken/niederoesterreich/mistelbach/417-apotheke-poysdorf
264,http://www.apothekenindex.at/apotheken/niederoesterreich/mistelbach/370-apotheke-zum-heiligen-georg
265,http://www.apothekenindex.at/apotheken/niederoesterreich/moedling/510-amandus-apotheke
266,http://www.apothekenindex.at/apotheken/niederoesterreich/moedling/1315-scs-apotheke
267,http://www.apothekenindex.at/apotheken/niederoesterreich/moedling/533-city-sued-apotheke
268,http://www.apothekenindex.at/apotheken/niederoesterreich/moedling/478-alte-stadtapotheke-zum-heiligen-othmar
269,http://www.apothekenindex.at/apotheken/niederoesterreich/moedling/511-georg-apotheke
270,http://www.apothekenindex.at/apotheken/niederoesterreich/moedling/472-apotheke-magpharm-hans-roth
271,http://www.apothekenindex.at/apotheken/niederoesterreich/moedling/471-salvator-apotheke
272,http://www.apothekenindex.at/apotheken/niederoesterreich/moedling/549-baeren-apotheke
273,http://www.apothekenindex.at/apotheken/niederoesterreich/moedling/500-suedstadt-apotheke
274,http://www.apothekenindex.at/apotheken/niederoesterreich/moedling/561-drei-loewen-apotheke
275,http://www.apothekenindex.at/apotheken/niederoesterreich/moedling/458-apotheke-zur-maria-heil-der-kranken
276,http://www.apothekenindex.at/apotheken/niederoesterreich/moedling/509-central-apotheke
277,http://www.apothekenindex.at/apotheken/niederoesterreich/moedling/462-apotheke-zum-heiligen-jakob
278,http://www.apothekenindex.at/apotheken/niederoesterreich/moedling/556-apotheke-zum-eichkogel
279,http://www.apothekenindex.at/apotheken/niederoesterreich/moedling/1300-team-sante-apotheke-wieneu
280,http://www.apothekenindex.at/apotheken/niederoesterreich/moedling/470-marien-apotheke
281,http://www.apothekenindex.at/apotheken/niederoesterreich/moedling/546-feld-apotheke
282,http://www.apothekenindex.at/apotheken/niederoesterreich/moedling/464-apotheke-zur-heiligen-dreifaltigkeit
283,http://www.apothekenindex.at/apotheken/niederoesterreich/moedling/465-apotheke-giesshuebl
284,http://www.apothekenindex.at/apotheken/niederoesterreich/moedling/1281-apotheke-im-kraeutergarten
285,http://www.apothekenindex.at/apotheken/niederoesterreich/moedling/473-apotheke-zum-heiligen-augustin
286,http://www.apothekenindex.at/apotheken/niederoesterreich/moedling/508-marien-apotheke
287,http://www.apothekenindex.at/apotheken/niederoesterreich/moedling/505-wienerwald-apotheke
288,http://www.apothekenindex.at/apotheken/niederoesterreich/moedling/466-quellen-apotheke
289,http://www.apothekenindex.at/apotheken/niederoesterreich/neunkirchen/552-merkur-apotheke
290,http://www.apothekenindex.at/apotheken/niederoesterreich/neunkirchen/407-apotheke-zur-madonna
291,http://www.apothekenindex.at/apotheken/niederoesterreich/neunkirchen/406-apotheke-zum-heiligen-leopold
292,http://www.apothekenindex.at/apotheken/niederoesterreich/neunkirchen/434-apotheke-zum-heiligen-peter-und-paul
293,http://www.apothekenindex.at/apotheken/niederoesterreich/neunkirchen/483-apotheke-alpenland
294,http://www.apothekenindex.at/apotheken/niederoesterreich/neunkirchen/551-apotheke-wimpassing
295,http://www.apothekenindex.at/apotheken/niederoesterreich/neunkirchen/372-stadtapotheke-gloggnitz
296,http://www.apothekenindex.at/apotheken/niederoesterreich/neunkirchen/410-elisabeth-apotheke
297,http://www.apothekenindex.at/apotheken/niederoesterreich/neunkirchen/422-salvator-apotheke
298,http://www.apothekenindex.at/apotheken/niederoesterreich/neunkirchen/457-schneeberg-apotheke
299,http://www.apothekenindex.at/apotheken/niederoesterreich/neunkirchen/412-apotheke-zum-heiligen-georg
300,http://www.apothekenindex.at/apotheken/niederoesterreich/neunkirchen/501-apotheke-zur-heiligen-dreifaltigkeit
301,http://www.apothekenindex.at/apotheken/niederoesterreich/neunkirchen/513-st-wolfgang-apotheke
302,http://www.apothekenindex.at/apotheken/niederoesterreich/scheibbs/450-apotheke-wieselburg
303,http://www.apothekenindex.at/apotheken/niederoesterreich/scheibbs/1324-meridian-apotheke
304,http://www.apothekenindex.at/apotheken/niederoesterreich/scheibbs/520-die-apotheke-in-purgstall
305,http://www.apothekenindex.at/apotheken/niederoesterreich/scheibbs/1327-nikolausapotheke-steinakirchen
306,http://www.apothekenindex.at/apotheken/niederoesterreich/scheibbs/504-petrus-apotheke
307,http://www.apothekenindex.at/apotheken/niederoesterreich/scheibbs/430-apotheke-zum-heiligen-leopold
308,http://www.apothekenindex.at/apotheken/niederoesterreich/scheibbs/495-tscherland-apotheke
309,http://www.apothekenindex.at/apotheken/niederoesterreich/sankt-poelten-land/532-apotheke-eichgraben
310,http://www.apothekenindex.at/apotheken/niederoesterreich/sankt-poelten-land/1381-apotheke-altlengbach
311,http://www.apothekenindex.at/apotheken/niederoesterreich/sankt-poelten-land/1342-apotheke-maria-anzbach
312,http://www.apothekenindex.at/apotheken/niederoesterreich/sankt-poelten-land/565-apotheke-zum-wienerwald
313,http://www.apothekenindex.at/apotheken/niederoesterreich/sankt-poelten-land/405-apotheke-zur-hl-dreifaltigkeit
314,http://www.apothekenindex.at/apotheken/niederoesterreich/sankt-poelten-land/485-apotheke-zum-heiligen-jakob
315,http://www.apothekenindex.at/apotheken/niederoesterreich/sankt-poelten-land/383-nibelungen-apotheke
316,http://www.apothekenindex.at/apotheken/niederoesterreich/sankt-poelten-land/440-apotheke-zur-mutter-gottes
317,http://www.apothekenindex.at/apotheken/niederoesterreich/sankt-poelten-land/451-apotheke-zur-mariahilf
318,http://www.apothekenindex.at/apotheken/niederoesterreich/sankt-poelten-land/564-st-georg-apotheke
319,http://www.apothekenindex.at/apotheken/niederoesterreich/sankt-poelten-land/408-marien-apotheke
320,http://www.apothekenindex.at/apotheken/niederoesterreich/sankt-poelten-land/2-pielachtal-apotheke-zum-heiligen-georg
321,http://www.apothekenindex.at/apotheken/niederoesterreich/sankt-poelten-land/388-herz-jesu-apotheke
322,http://www.apothekenindex.at/apotheken/niederoesterreich/sankt-poelten-land/547-apotheke-prinzersdorf
323,http://www.apothekenindex.at/apotheken/niederoesterreich/sankt-poelten-stadt/492-rosen-apotheke
324,http://www.apothekenindex.at/apotheken/niederoesterreich/sankt-poelten-stadt/491-apotheke-sued
325,http://www.apothekenindex.at/apotheken/niederoesterreich/sankt-poelten-stadt/428-apotheke-zum-goldenen-loewen
326,http://www.apothekenindex.at/apotheken/niederoesterreich/sankt-poelten-stadt/559-center-apotheke
327,http://www.apothekenindex.at/apotheken/niederoesterreich/sankt-poelten-stadt/427-panther-apotheke
328,http://www.apothekenindex.at/apotheken/niederoesterreich/sankt-poelten-stadt/426-herz-jesu-apotheke
329,http://www.apothekenindex.at/apotheken/niederoesterreich/sankt-poelten-stadt/425-alte-spora-apotheke
330,http://www.apothekenindex.at/apotheken/niederoesterreich/sankt-poelten-stadt/494-hippolyt-apotheke
331,http://www.apothekenindex.at/apotheken/niederoesterreich/sankt-poelten-stadt/525-apotheke-traisenpark
332,http://www.apothekenindex.at/apotheken/niederoesterreich/sankt-poelten-stadt/506-christophorus-apotheke
333,http://www.apothekenindex.at/apotheken/niederoesterreich/sankt-poelten-stadt/1286-sofien-apotheke
334,http://www.apothekenindex.at/apotheken/niederoesterreich/tulln/1403-danubia-apotheke
335,http://www.apothekenindex.at/apotheken/niederoesterreich/tulln/424-apotheke-zum-heiligen-andreas
336,http://www.apothekenindex.at/apotheken/niederoesterreich/tulln/515-sonnen-apotheke
337,http://www.apothekenindex.at/apotheken/niederoesterreich/tulln/507-st-florian-apotheke
338,http://www.apothekenindex.at/apotheken/niederoesterreich/tulln/441-boesel-og-apotheke
339,http://www.apothekenindex.at/apotheken/niederoesterreich/tulln/1410-apotheke-hauptbahnhof-tulln
340,http://www.apothekenindex.at/apotheken/niederoesterreich/tulln/1420-tullnerfeld-apotheke
341,http://www.apothekenindex.at/apotheken/niederoesterreich/tulln/433-apotheke-zur-mariahilf
342,http://www.apothekenindex.at/apotheken/niederoesterreich/tulln/382-antonius-apotheke
343,http://www.apothekenindex.at/apotheken/niederoesterreich/tulln/389-apotheke-zu-maria-trost
344,http://www.apothekenindex.at/apotheken/niederoesterreich/tulln/376-apotheke-grossweikersdorf
345,http://www.apothekenindex.at/apotheken/niederoesterreich/waidhofen-an-der-thaya/375-dreifaltigkeits-apotheke
346,http://www.apothekenindex.at/apotheken/niederoesterreich/waidhofen-an-der-thaya/420-landschafts-apotheke
347,http://www.apothekenindex.at/apotheken/niederoesterreich/waidhofen-an-der-thaya/1256-apotheke-zum-heiligen-hubertus
348,http://www.apothekenindex.at/apotheken/niederoesterreich/waidhofen-an-der-thaya/479-apotheke-zum-schwarzen-adler
349,http://www.apothekenindex.at/apotheken/niederoesterreich/waidhofen-an-der-ybbs/1386-zeller-apotheke
350,http://www.apothekenindex.at/apotheken/niederoesterreich/waidhofen-an-der-ybbs/521-ybbstal-apotheke
351,http://www.apothekenindex.at/apotheken/niederoesterreich/waidhofen-an-der-ybbs/443-alte-stadtapotheke-zum-einhorn
352,http://www.apothekenindex.at/apotheken/niederoesterreich/wien-umgebung/522-flughafen-apotheke
353,http://www.apothekenindex.at/apotheken/niederoesterreich/wien-umgebung/544-stadt-apotheke
354,http://www.apothekenindex.at/apotheken/niederoesterreich/wien-umgebung/477-stadtapotheke-am-hauptplatz
355,http://www.apothekenindex.at/apotheken/niederoesterreich/wien-umgebung/475-landschafts-apotheke
356,http://www.apothekenindex.at/apotheken/niederoesterreich/wien-umgebung/476-wallhof-apotheke
357,http://www.apothekenindex.at/apotheken/niederoesterreich/wien-umgebung/463-st-georgs-apotheke
358,http://www.apothekenindex.at/apotheken/niederoesterreich/wien-umgebung/555-aktivapotheke
359,http://www.apothekenindex.at/apotheken/niederoesterreich/wien-umgebung/528-apotheke-sankt-nikolaus
360,http://www.apothekenindex.at/apotheken/niederoesterreich/wien-umgebung/459-apotheke-zum-auge-gottes
361,http://www.apothekenindex.at/apotheken/niederoesterreich/wien-umgebung/1297-schlossapotheke-ebergassing
362,http://www.apothekenindex.at/apotheken/niederoesterreich/wien-umgebung/517-marien-apotheke
363,http://www.apothekenindex.at/apotheken/niederoesterreich/wien-umgebung/1366-apotheke-mauerbach
364,http://www.apothekenindex.at/apotheken/niederoesterreich/wien-umgebung/474-apotheke-zum-schutzengel
365,http://www.apothekenindex.at/apotheken/niederoesterreich/wien-umgebung/1321-apotheke-zum-eichberg
366,http://www.apothekenindex.at/apotheken/niederoesterreich/wien-umgebung/537-laurentius-apotheke
367,http://www.apothekenindex.at/apotheken/niederoesterreich/wien-umgebung/418-apotheke-zur-heiligen-dreifaltigkeit
368,http://www.apothekenindex.at/apotheken/niederoesterreich/wien-umgebung/518-rathaus-apotheke
369,http://www.apothekenindex.at/apotheken/niederoesterreich/wien-umgebung/468-apotheke-zur-heiligen-agnes
370,http://www.apothekenindex.at/apotheken/niederoesterreich/wien-umgebung/467-apotheke-zum-heiligen-leopold
371,http://www.apothekenindex.at/apotheken/niederoesterreich/wien-umgebung/499-stadt-apotheke
372,http://www.apothekenindex.at/apotheken/niederoesterreich/wien-umgebung/548-die-blaue-apotheke
373,http://www.apothekenindex.at/apotheken/niederoesterreich/wiener-neustadt/81-die-apotheke-ebenfurth
374,http://www.apothekenindex.at/apotheken/niederoesterreich/wiener-neustadt/538-sonnen-apotheke
375,http://www.apothekenindex.at/apotheken/niederoesterreich/wiener-neustadt/526-hubertus-apotheke
376,http://www.apothekenindex.at/apotheken/niederoesterreich/wiener-neustadt/367-st-hubertus-apotheke
377,http://www.apothekenindex.at/apotheken/niederoesterreich/wiener-neustadt/449-alte-kronen-apotheke
378,http://www.apothekenindex.at/apotheken/niederoesterreich/wiener-neustadt/557-apotheke-civitas-nova
379,http://www.apothekenindex.at/apotheken/niederoesterreich/wiener-neustadt/448-apotheke-zur-mariahilf
380,http://www.apothekenindex.at/apotheken/niederoesterreich/wiener-neustadt/447-bahnhof-apotheke
381,http://www.apothekenindex.at/apotheken/niederoesterreich/wiener-neustadt/530-zehnerguertel-apotheke
382,http://www.apothekenindex.at/apotheken/niederoesterreich/wiener-neustadt/446-apotheke-zum-heiligen-leopold
383,http://www.apothekenindex.at/apotheken/niederoesterreich/wiener-neustadt/1421-angelus-apotheke
384,http://www.apothekenindex.at/apotheken/niederoesterreich/wiener-neustadt/445-heiland-apotheke
385,http://www.apothekenindex.at/apotheken/niederoesterreich/wiener-neustadt/523-merkur-apotheke
386,http://www.apothekenindex.at/apotheken/niederoesterreich/wiener-neustadt/1380-fischapark-apotheke
387,http://www.apothekenindex.at/apotheken/niederoesterreich/wiener-neustadt/411-apotheke-zum-heiligen-leonhard
388,http://www.apothekenindex.at/apotheken/niederoesterreich/wiener-neustadt/498-raimund-apotheke
389,http://www.apothekenindex.at/apotheken/niederoesterreich/wiener-neustadt/1258-apotheke-bad-erlach
390,http://www.apothekenindex.at/apotheken/niederoesterreich/wiener-neustadt/390-st-anna-apotheke
391,http://www.apothekenindex.at/apotheken/niederoesterreich/zwettl/409-schloss-apotheke
392,http://www.apothekenindex.at/apotheken/niederoesterreich/zwettl/351-apotheke-zur-mariahilf
393,http://www.apothekenindex.at/apotheken/niederoesterreich/zwettl/550-kuenringer-apotheke
394,http://www.apothekenindex.at/apotheken/niederoesterreich/zwettl/461-apotheke-zum-schwarzen-adler-mag-hoelzl-kg
395,http://www.apothekenindex.at/apotheken/niederoesterreich/zwettl/374-apotheke-zur-heiligen-margaretha
396,http://www.apothekenindex.at/apotheken/oberoesterreich/braunau/568-stadtapotheke-altheim
397,http://www.apothekenindex.at/apotheken/oberoesterreich/braunau/1308-apotheke-ostermiething-kg
398,http://www.apothekenindex.at/apotheken/oberoesterreich/braunau/723-sonnen-apotheke
399,http://www.apothekenindex.at/apotheken/oberoesterreich/braunau/616-apotheke-zum-kaiser-franz
400,http://www.apothekenindex.at/apotheken/oberoesterreich/braunau/617-apotheke-zum-schwarzen-adler
401,http://www.apothekenindex.at/apotheken/oberoesterreich/braunau/576-stadt-apotheke
402,http://www.apothekenindex.at/apotheken/oberoesterreich/braunau/575-loewen-apotheke
403,http://www.apothekenindex.at/apotheken/oberoesterreich/braunau/679-neustadt-apotheke
404,http://www.apothekenindex.at/apotheken/oberoesterreich/eferding/1257-christophorus-apotheke
405,http://www.apothekenindex.at/apotheken/oberoesterreich/eferding/578-stadt-apotheke
406,http://www.apothekenindex.at/apotheken/oberoesterreich/eferding/695-nibelungen-apotheke
407,http://www.apothekenindex.at/apotheken/oberoesterreich/eferding/571-st-hubertus-apotheke
408,http://www.apothekenindex.at/apotheken/oberoesterreich/freistadt/1376-muehlkreis-apotheke
409,http://www.apothekenindex.at/apotheken/oberoesterreich/freistadt/627-st-anna-apotheke
410,http://www.apothekenindex.at/apotheken/oberoesterreich/freistadt/736-apotheke-hagenberg
411,http://www.apothekenindex.at/apotheken/oberoesterreich/freistadt/718-apotheke-jaunitzbach
412,http://www.apothekenindex.at/apotheken/oberoesterreich/freistadt/582-apotheke-zum-goldenen-engel
413,http://www.apothekenindex.at/apotheken/oberoesterreich/freistadt/1254-cella-apotheke
414,http://www.apothekenindex.at/apotheken/oberoesterreich/gmunden/1301-sonnen-apotheke
415,http://www.apothekenindex.at/apotheken/oberoesterreich/gmunden/1240-a1-autobahnapotheke
416,http://www.apothekenindex.at/apotheken/oberoesterreich/gmunden/657-almtal-apotheke
417,http://www.apothekenindex.at/apotheken/oberoesterreich/gmunden/734-helios-apotheke
418,http://www.apothekenindex.at/apotheken/oberoesterreich/gmunden/655-stadt-apotheke
419,http://www.apothekenindex.at/apotheken/oberoesterreich/gmunden/577-apotheke-zum-schutzengel
420,http://www.apothekenindex.at/apotheken/oberoesterreich/gmunden/677-seeberg-apotheke
421,http://www.apothekenindex.at/apotheken/oberoesterreich/gmunden/587-see-apotheke
422,http://www.apothekenindex.at/apotheken/oberoesterreich/gmunden/585-salzkammergut-apotheke
423,http://www.apothekenindex.at/apotheken/oberoesterreich/gmunden/702-traunstein-apotheke
424,http://www.apothekenindex.at/apotheken/oberoesterreich/gmunden/1360-land-apotheke-pinsdorf
425,http://www.apothekenindex.at/apotheken/oberoesterreich/gmunden/740-lilienapotheke
426,http://www.apothekenindex.at/apotheken/oberoesterreich/gmunden/569-stadt-apotheke
427,http://www.apothekenindex.at/apotheken/oberoesterreich/gmunden/574-esplanade-apotheke
428,http://www.apothekenindex.at/apotheken/oberoesterreich/gmunden/573-kur-apotheke
429,http://www.apothekenindex.at/apotheken/oberoesterreich/gmunden/721-marien-apotheke
430,http://www.apothekenindex.at/apotheken/oberoesterreich/gmunden/1280-apotheke-im-baumhaus
431,http://www.apothekenindex.at/apotheken/oberoesterreich/gmunden/660-edelweiss-apotheke
432,http://www.apothekenindex.at/apotheken/oberoesterreich/gmunden/706-apotheke-zum-heiligen-wolfgang
433,http://www.apothekenindex.at/apotheken/oberoesterreich/grieskirchen/591-apotheke-zum-engel
434,http://www.apothekenindex.at/apotheken/oberoesterreich/grieskirchen/661-heilborn-apotheke-eu
435,http://www.apothekenindex.at/apotheken/oberoesterreich/grieskirchen/730-apotheke-rizy-schluesslberg-eu
436,http://www.apothekenindex.at/apotheken/oberoesterreich/grieskirchen/589-apotheke-rizy-grieskirchen
437,http://www.apothekenindex.at/apotheken/oberoesterreich/grieskirchen/584-apotheke-zum-heiligen-valentin
438,http://www.apothekenindex.at/apotheken/oberoesterreich/grieskirchen/622-marien-apotheke
439,http://www.apothekenindex.at/apotheken/oberoesterreich/grieskirchen/626-kreuz-apotheke
440,http://www.apothekenindex.at/apotheken/oberoesterreich/grieskirchen/644-apotheke-zum-guten-hirten
441,http://www.apothekenindex.at/apotheken/oberoesterreich/kirchdorf/1345-tassilo-apotheke
442,http://www.apothekenindex.at/apotheken/oberoesterreich/kirchdorf/586-apotheke-zum-heiligen-benedikt
443,http://www.apothekenindex.at/apotheken/oberoesterreich/kirchdorf/1283-kraeuterapotheke-wartberg
444,http://www.apothekenindex.at/apotheken/oberoesterreich/kirchdorf/593-salvator-apotheke
445,http://www.apothekenindex.at/apotheken/oberoesterreich/kirchdorf/703-apotheke-micheldorf-eu
446,http://www.apothekenindex.at/apotheken/oberoesterreich/kirchdorf/652-apotheke-windischgarsten
447,http://www.apothekenindex.at/apotheken/oberoesterreich/kirchdorf/1310-nationalpark-apotheke-molln
448,http://www.apothekenindex.at/apotheken/oberoesterreich/kirchdorf/590-apotheke-zur-mariahilf
449,http://www.apothekenindex.at/apotheken/oberoesterreich/kirchdorf/658-apotheke-zum-heiligen-geist
450,http://www.apothekenindex.at/apotheken/oberoesterreich/linz-land/688-stadt-apotheke
451,http://www.apothekenindex.at/apotheken/oberoesterreich/linz-land/664-apotheke-st-martin
452,http://www.apothekenindex.at/apotheken/oberoesterreich/linz-land/727-blueten-apotheke
453,http://www.apothekenindex.at/apotheken/oberoesterreich/linz-land/641-holler-apotheke-traun
454,http://www.apothekenindex.at/apotheken/oberoesterreich/linz-land/726-apotheke-freindorf
455,http://www.apothekenindex.at/apotheken/oberoesterreich/linz-land/722-apotheke-haid-center
456,http://www.apothekenindex.at/apotheken/oberoesterreich/linz-land/663-anton-bruckner-apotheke
457,http://www.apothekenindex.at/apotheken/oberoesterreich/linz-land/1415-apotheke-doppl
458,http://www.apothekenindex.at/apotheken/oberoesterreich/linz-land/683-apotheke-kuernberg
459,http://www.apothekenindex.at/apotheken/oberoesterreich/linz-land/1337-buchberg-apotheke
460,http://www.apothekenindex.at/apotheken/oberoesterreich/linz-land/1284-maximilianapotheke
461,http://www.apothekenindex.at/apotheken/oberoesterreich/linz-land/654-kreuz-apotheke
462,http://www.apothekenindex.at/apotheken/oberoesterreich/linz-land/691-christophorus-apotheke
463,http://www.apothekenindex.at/apotheken/oberoesterreich/linz-land/674-ikarus-apotheke
464,http://www.apothekenindex.at/apotheken/oberoesterreich/linz-land/696-apotheke-wilhering
465,http://www.apothekenindex.at/apotheken/oberoesterreich/linz-land/1398-lauriacum-apotheke
466,http://www.apothekenindex.at/apotheken/oberoesterreich/linz-land/579-stadt-apotheke
467,http://www.apothekenindex.at/apotheken/oberoesterreich/linz-land/692-diana-apotheke
468,http://www.apothekenindex.at/apotheken/oberoesterreich/linz-land/1404-apotheke-im-frunpark
469,http://www.apothekenindex.at/apotheken/oberoesterreich/linz-land/697-jakobus-apotheke
470,http://www.apothekenindex.at/apotheken/oberoesterreich/linz-land/738-iris-apotheke
471,http://www.apothekenindex.at/apotheken/oberoesterreich/linz-land/631-apotheke-zum-heiligen-florian
472,http://www.apothekenindex.at/apotheken/oberoesterreich/linz-land/621-dreifaltigkeits-apotheke
473,http://www.apothekenindex.at/apotheken/oberoesterreich/linz-stadt/614-hessenplatz-apotheke
474,http://www.apothekenindex.at/apotheken/oberoesterreich/linz-stadt/601-neue-hofstaetter-apotheke
475,http://www.apothekenindex.at/apotheken/oberoesterreich/linz-stadt/673-nica-apotheke
476,http://www.apothekenindex.at/apotheken/oberoesterreich/linz-stadt/600-apotheke-am-bindermichl
477,http://www.apothekenindex.at/apotheken/oberoesterreich/linz-stadt/728-apotheke-bulgariplatz
478,http://www.apothekenindex.at/apotheken/oberoesterreich/linz-stadt/670-kopernikus-apotheke
479,http://www.apothekenindex.at/apotheken/oberoesterreich/linz-stadt/690-baeren-apotheke
480,http://www.apothekenindex.at/apotheken/oberoesterreich/linz-stadt/612-wasser-apotheke
481,http://www.apothekenindex.at/apotheken/oberoesterreich/linz-stadt/599-apotheke-am-volksgarten
482,http://www.apothekenindex.at/apotheken/oberoesterreich/linz-stadt/669-linden-apotheke
483,http://www.apothekenindex.at/apotheken/oberoesterreich/linz-stadt/1341-city-apotheke
484,http://www.apothekenindex.at/apotheken/oberoesterreich/linz-stadt/689-st-isidor-apotheke
485,http://www.apothekenindex.at/apotheken/oberoesterreich/linz-stadt/598-apotheke-am-schillerplatz
486,http://www.apothekenindex.at/apotheken/oberoesterreich/linz-stadt/604-einhorn-apotheke
487,http://www.apothekenindex.at/apotheken/oberoesterreich/linz-stadt/610-museum-apotheke
488,http://www.apothekenindex.at/apotheken/oberoesterreich/linz-stadt/597-centralapotheke
489,http://www.apothekenindex.at/apotheken/oberoesterreich/linz-stadt/1291-apotheke-wegscheid
490,http://www.apothekenindex.at/apotheken/oberoesterreich/linz-stadt/603-apotheke-zum-schutzengel
491,http://www.apothekenindex.at/apotheken/oberoesterreich/linz-stadt/609-apotheke-zum-schwarzen-adler
492,http://www.apothekenindex.at/apotheken/oberoesterreich/linz-stadt/596-apotheke-der-barmherzigen-brueder
493,http://www.apothekenindex.at/apotheken/oberoesterreich/linz-stadt/659-neue-welt-apotheke
494,http://www.apothekenindex.at/apotheken/oberoesterreich/linz-stadt/733-prinz-eugen-apotheke
495,http://www.apothekenindex.at/apotheken/oberoesterreich/linz-stadt/602-froschberg-apotheke
496,http://www.apothekenindex.at/apotheken/oberoesterreich/linz-stadt/608-sonnen-apotheke
497,http://www.apothekenindex.at/apotheken/oberoesterreich/linz-stadt/732-apotheke-solarcity
498,http://www.apothekenindex.at/apotheken/oberoesterreich/linz-stadt/720-donau-apotheke
499,http://www.apothekenindex.at/apotheken/oberoesterreich/linz-stadt/611-columbus-apotheke
500,http://www.apothekenindex.at/apotheken/oberoesterreich/linz-stadt/719-quirinus-apotheke
501,http://www.apothekenindex.at/apotheken/oberoesterreich/linz-stadt/715-ennsfeld-apotheke
502,http://www.apothekenindex.at/apotheken/oberoesterreich/linz-stadt/665-apotheke-ebelsberg
503,http://www.apothekenindex.at/apotheken/oberoesterreich/linz-stadt/676-apotheke-zur-mariahilf
504,http://www.apothekenindex.at/apotheken/oberoesterreich/linz-stadt/675-apotheke-kleinmuenchen
505,http://www.apothekenindex.at/apotheken/oberoesterreich/linz-stadt/698-apotheke-zur-hl-hemma
506,http://www.apothekenindex.at/apotheken/oberoesterreich/linz-stadt/607-stern-apotheke
507,http://www.apothekenindex.at/apotheken/oberoesterreich/linz-stadt/693-st-magdalena-apotheke
508,http://www.apothekenindex.at/apotheken/oberoesterreich/linz-stadt/613-apotheke-lentia
509,http://www.apothekenindex.at/apotheken/oberoesterreich/linz-stadt/606-apotheke-rosenauer
510,http://www.apothekenindex.at/apotheken/oberoesterreich/linz-stadt/668-paracelsus-apotheke
511,http://www.apothekenindex.at/apotheken/oberoesterreich/linz-stadt/605-resch-apotheke
512,http://www.apothekenindex.at/apotheken/oberoesterreich/linz-stadt/693-st-magdalena-apotheke
513,http://www.apothekenindex.at/apotheken/oberoesterreich/linz-stadt/681-st-markus-apotheke
514,http://www.apothekenindex.at/apotheken/oberoesterreich/linz-stadt/607-stern-apotheke
515,http://www.apothekenindex.at/apotheken/oberoesterreich/perg/685-st-georg-apotheke
516,http://www.apothekenindex.at/apotheken/oberoesterreich/perg/618-mariahilf-apotheke
517,http://www.apothekenindex.at/apotheken/oberoesterreich/perg/717-christophorus-apotheke
518,http://www.apothekenindex.at/apotheken/oberoesterreich/perg/625-apotheke-zur-heiligen-dreifaltigkeit
519,http://www.apothekenindex.at/apotheken/oberoesterreich/perg/724-machland-apotheke
520,http://www.apothekenindex.at/apotheken/oberoesterreich/perg/588-apotheke-zum-heiligen-antonius
521,http://www.apothekenindex.at/apotheken/oberoesterreich/ried/699-riedberg-apotheke
522,http://www.apothekenindex.at/apotheken/oberoesterreich/ried/629-neue-stadt-apotheke-zum-gruenen-kreuz
523,http://www.apothekenindex.at/apotheken/oberoesterreich/ried/628-alte-stadtapotheke-zum-schwarzen-adler
524,http://www.apothekenindex.at/apotheken/oberoesterreich/ried/623-apotheke-zur-heiligen-jungfrau
525,http://www.apothekenindex.at/apotheken/oberoesterreich/rohrbach/620-apotheke-zum-weissen-adler
526,http://www.apothekenindex.at/apotheken/oberoesterreich/rohrbach/630-apotheke-zur-mariahilf
527,http://www.apothekenindex.at/apotheken/oberoesterreich/rohrbach/567-apotheke-zur-jungfrau-maria
528,http://www.apothekenindex.at/apotheken/oberoesterreich/rohrbach/592-st-nikolaus-apotheke
529,http://www.apothekenindex.at/apotheken/oberoesterreich/schaerding/650-lebens-apotheke-raab
530,http://www.apothekenindex.at/apotheken/oberoesterreich/schaerding/570-st-michael-apotheke
531,http://www.apothekenindex.at/apotheken/oberoesterreich/schaerding/714-delphin-apotheke
532,http://www.apothekenindex.at/apotheken/oberoesterreich/schaerding/633-stadtapotheke-zur-goldenen-krone
533,http://www.apothekenindex.at/apotheken/oberoesterreich/steyr-land/651-apotheke-zum-biber
534,http://www.apothekenindex.at/apotheken/oberoesterreich/steyr-land/653-st-berthold-apotheke
535,http://www.apothekenindex.at/apotheken/oberoesterreich/steyr-land/615-apotheke-losenstein
536,http://www.apothekenindex.at/apotheken/oberoesterreich/steyr-land/635-apotheke-zur-mariahilf
537,http://www.apothekenindex.at/apotheken/oberoesterreich/steyr-land/716-steyrtalapotheke
538,http://www.apothekenindex.at/apotheken/oberoesterreich/steyr-land/680-dreifaltigkeits-apotheke
539,http://www.apothekenindex.at/apotheken/oberoesterreich/steyr-land/1374-marienlieb-apotheke
540,http://www.apothekenindex.at/apotheken/oberoesterreich/steyr-stadt/672-ennsleiten-apotheke
541,http://www.apothekenindex.at/apotheken/oberoesterreich/steyr-stadt/640-muenichholz-apotheke
542,http://www.apothekenindex.at/apotheken/oberoesterreich/steyr-stadt/639-loewen-apotheke
543,http://www.apothekenindex.at/apotheken/oberoesterreich/steyr-stadt/638-bahnhof-apotheke
544,http://www.apothekenindex.at/apotheken/oberoesterreich/steyr-stadt/731-gruendberg-apotheke
545,http://www.apothekenindex.at/apotheken/oberoesterreich/steyr-stadt/637-heiligen-geist-apotheke
546,http://www.apothekenindex.at/apotheken/oberoesterreich/steyr-stadt/713-apotheke-am-resthof
547,http://www.apothekenindex.at/apotheken/oberoesterreich/steyr-stadt/636-alte-stadtapotheke
548,http://www.apothekenindex.at/apotheken/oberoesterreich/steyr-stadt/678-tabor-apotheke
549,http://www.apothekenindex.at/apotheken/oberoesterreich/urfahr/694-apotheke-puchenau
550,http://www.apothekenindex.at/apotheken/oberoesterreich/urfahr/624-apotheke-ottensheim
551,http://www.apothekenindex.at/apotheken/oberoesterreich/urfahr/1277-apotheke-feldkirchen
552,http://www.apothekenindex.at/apotheken/oberoesterreich/urfahr/737-apotheke-walding
553,http://www.apothekenindex.at/apotheken/oberoesterreich/urfahr/595-maria-schutz-apotheke
554,http://www.apothekenindex.at/apotheken/oberoesterreich/urfahr/1273-johannes-apotheke
555,http://www.apothekenindex.at/apotheken/oberoesterreich/urfahr/708-kamillen-apotheke
556,http://www.apothekenindex.at/apotheken/oberoesterreich/urfahr/583-st-gallus-apotheke
557,http://www.apothekenindex.at/apotheken/oberoesterreich/urfahr/704-kreisapotheke
558,http://www.apothekenindex.at/apotheken/oberoesterreich/urfahr/1350-steyregg-apotheke
559,http://www.apothekenindex.at/apotheken/oberoesterreich/voecklabruck/619-apotheke-zur-mariahilf
560,http://www.apothekenindex.at/apotheken/oberoesterreich/voecklabruck/634-apotheke-am-stadtplatz
561,http://www.apothekenindex.at/apotheken/oberoesterreich/voecklabruck/739-atrium-apotheke
562,http://www.apothekenindex.at/apotheken/oberoesterreich/voecklabruck/725-apotheke-puchheim
563,http://www.apothekenindex.at/apotheken/oberoesterreich/voecklabruck/572-anna-apotheke
564,http://www.apothekenindex.at/apotheken/oberoesterreich/voecklabruck/1387-apotheke-in-der-varena
565,http://www.apothekenindex.at/apotheken/oberoesterreich/voecklabruck/642-apotheke-zum-schwarzen-adler
566,http://www.apothekenindex.at/apotheken/oberoesterreich/voecklabruck/711-apotheke-schoendorf
567,http://www.apothekenindex.at/apotheken/oberoesterreich/voecklabruck/656-apotheke-am-salzburger-tor
568,http://www.apothekenindex.at/apotheken/oberoesterreich/voecklabruck/687-pegasus-apotheke
569,http://www.apothekenindex.at/apotheken/oberoesterreich/voecklabruck/1405-veritas-apotheke
570,http://www.apothekenindex.at/apotheken/oberoesterreich/voecklabruck/671-maut-turm-apotheke
571,http://www.apothekenindex.at/apotheken/oberoesterreich/voecklabruck/666-apotheke-lenzing
572,http://www.apothekenindex.at/apotheken/oberoesterreich/voecklabruck/3-see-apotheke
573,http://www.apothekenindex.at/apotheken/oberoesterreich/voecklabruck/1351-rosenwind-apotheke
574,http://www.apothekenindex.at/apotheken/oberoesterreich/voecklabruck/643-edelweiss-apotheke
575,http://www.apothekenindex.at/apotheken/oberoesterreich/voecklabruck/580-apotheke-zum-guten-hirten
576,http://www.apothekenindex.at/apotheken/oberoesterreich/voecklabruck/1319-seering-apotheke
577,http://www.apothekenindex.at/apotheken/oberoesterreich/voecklabruck/632-schutzengel-apotheke
578,http://www.apothekenindex.at/apotheken/oberoesterreich/voecklabruck/581-apotheke-zum-schwarzen-adler
579,http://www.apothekenindex.at/apotheken/oberoesterreich/voecklabruck/729-annenapotheke
580,http://www.apothekenindex.at/apotheken/oberoesterreich/voecklabruck/1264-mondseeland-apotheke
581,http://www.apothekenindex.at/apotheken/oberoesterreich/wels-land/1307-apotheke-buchkirchen
582,http://www.apothekenindex.at/apotheken/oberoesterreich/wels-land/818-folaris-apotheke
583,http://www.apothekenindex.at/apotheken/oberoesterreich/wels-land/710-stadtapotheke-marchtrenk
584,http://www.apothekenindex.at/apotheken/oberoesterreich/wels-land/662-apotheke-zur-welser-heide
585,http://www.apothekenindex.at/apotheken/oberoesterreich/wels-land/686-sonnen-apotheke
586,http://www.apothekenindex.at/apotheken/oberoesterreich/wels-land/594-apotheke-lambach-mag-horn--co-kg
587,http://www.apothekenindex.at/apotheken/oberoesterreich/wels-land/701-vital-apotheke
588,http://www.apothekenindex.at/apotheken/oberoesterreich/wels-stadt/705-linden-apotheke
589,http://www.apothekenindex.at/apotheken/oberoesterreich/wels-stadt/647-einhorn-apotheke
590,http://www.apothekenindex.at/apotheken/oberoesterreich/wels-stadt/700-foehren-apotheke
591,http://www.apothekenindex.at/apotheken/oberoesterreich/wels-stadt/646-hubertus-apotheke
592,http://www.apothekenindex.at/apotheken/oberoesterreich/wels-stadt/684-thalheim-apotheke
593,http://www.apothekenindex.at/apotheken/oberoesterreich/wels-stadt/1317-maxine-apotheke
594,http://www.apothekenindex.at/apotheken/oberoesterreich/wels-stadt/645-stern-apotheke
595,http://www.apothekenindex.at/apotheken/oberoesterreich/wels-stadt/682-falken-apotheke
596,http://www.apothekenindex.at/apotheken/oberoesterreich/wels-stadt/1244-franziskus-apotheke
597,http://www.apothekenindex.at/apotheken/oberoesterreich/wels-stadt/667-steinbock-apotheke
598,http://www.apothekenindex.at/apotheken/oberoesterreich/wels-stadt/735-apotheke-im-welas-park
599,http://www.apothekenindex.at/apotheken/oberoesterreich/wels-stadt/649-schutzengel-apotheke
600,http://www.apothekenindex.at/apotheken/oberoesterreich/wels-stadt/707-apotheke-nord-e-u-mag-pharm-andreas-gruber
601,http://www.apothekenindex.at/apotheken/oberoesterreich/wels-stadt/648-adler-apotheke
602,http://www.apothekenindex.at/apotheken/salzburg/hallein-tennengau/1008-burgfried-apotheke
603,http://www.apothekenindex.at/apotheken/salzburg/hallein-tennengau/1007-stadtapotheke-hallein
604,http://www.apothekenindex.at/apotheken/salzburg/hallein-tennengau/1080-wiestal-apotheke
605,http://www.apothekenindex.at/apotheken/salzburg/hallein-tennengau/1044-apotheke-oberalm
606,http://www.apothekenindex.at/apotheken/salzburg/hallein-tennengau/1075-arnika-apotheke
607,http://www.apothekenindex.at/apotheken/salzburg/hallein-tennengau/1054-apotheke-zum-heiligen-josef
608,http://www.apothekenindex.at/apotheken/salzburg/hallein-tennengau/1045-apotheke-zur-gemse
609,http://www.apothekenindex.at/apotheken/salzburg/hallein-tennengau/1003-apotheke-abtenau
610,http://www.apothekenindex.at/apotheken/salzburg/salzburg-land-flachgau/1073-nautilus-apotheke
611,http://www.apothekenindex.at/apotheken/salzburg/salzburg-land-flachgau/1029-apotheke-wals
612,http://www.apothekenindex.at/apotheken/salzburg/salzburg-land-flachgau/1048-apotheke-himmelreich
613,http://www.apothekenindex.at/apotheken/salzburg/salzburg-land-flachgau/1065-schloss-apotheke
614,http://www.apothekenindex.at/apotheken/salzburg/salzburg-land-flachgau/1038-untersberg-apotheke
615,http://www.apothekenindex.at/apotheken/salzburg/salzburg-land-flachgau/1057-apotheke-zum-heiligen-georg
616,http://www.apothekenindex.at/apotheken/salzburg/salzburg-land-flachgau/1355-karolinen-apotheke
617,http://www.apothekenindex.at/apotheken/salzburg/salzburg-land-flachgau/1012-apotheke-zur-mariahilf
618,http://www.apothekenindex.at/apotheken/salzburg/salzburg-land-flachgau/1055-apotheke-buermoos
619,http://www.apothekenindex.at/apotheken/salzburg/salzburg-land-flachgau/1239-weidmoos-apotheke
620,http://www.apothekenindex.at/apotheken/salzburg/salzburg-land-flachgau/1343-helios-apotheke
621,http://www.apothekenindex.at/apotheken/salzburg/salzburg-land-flachgau/1068-salus-apotheke
622,http://www.apothekenindex.at/apotheken/salzburg/salzburg-land-flachgau/1009-tassilo-apotheke
623,http://www.apothekenindex.at/apotheken/salzburg/salzburg-land-flachgau/1033-flachgau-apotheke
624,http://www.apothekenindex.at/apotheken/salzburg/salzburg-land-flachgau/1323-iris-apotheke
625,http://www.apothekenindex.at/apotheken/salzburg/salzburg-land-flachgau/1011-apotheke-zum-goldenen-engel
626,http://www.apothekenindex.at/apotheken/salzburg/salzburg-land-flachgau/1079-linden-apotheke
627,http://www.apothekenindex.at/apotheken/salzburg/salzburg-land-flachgau/1049-apotheke-zum-heiligen-martin
628,http://www.apothekenindex.at/apotheken/salzburg/salzburg-land-flachgau/1074-barbara-apotheke
629,http://www.apothekenindex.at/apotheken/salzburg/salzburg-land-flachgau/1067-die-apotheke
630,http://www.apothekenindex.at/apotheken/salzburg/salzburg-land-flachgau/1414-apotheke-zum-goldenen-stern
631,http://www.apothekenindex.at/apotheken/salzburg/salzburg-land-flachgau/1078-wallersee-apotheke
632,http://www.apothekenindex.at/apotheken/salzburg/salzburg-land-flachgau/1072-apotheke-wartenfels
633,http://www.apothekenindex.at/apotheken/salzburg/salzburg-land-flachgau/1305-apotheke-hof
634,http://www.apothekenindex.at/apotheken/salzburg/salzburg-land-flachgau/1035-paracelsus-apotheke
635,http://www.apothekenindex.at/apotheken/salzburg/salzburg-stadt/1018-fuerstenallee-apotheke
636,http://www.apothekenindex.at/apotheken/salzburg/salzburg-stadt/1046-antonius-apotheke
637,http://www.apothekenindex.at/apotheken/salzburg/salzburg-stadt/1069-raphael-apotheke
638,http://www.apothekenindex.at/apotheken/salzburg/salzburg-stadt/1066-apotheke-zum-heiligen-petrus
639,http://www.apothekenindex.at/apotheken/salzburg/salzburg-stadt/1019-borromaeus-apotheke
640,http://www.apothekenindex.at/apotheken/salzburg/salzburg-stadt/1064-moos-apotheke
641,http://www.apothekenindex.at/apotheken/salzburg/salzburg-stadt/1025-landesapotheke-am-st-johanns-spital
642,http://www.apothekenindex.at/apotheken/salzburg/salzburg-stadt/1328-apotheke-itzling-zur-sonne
643,http://www.apothekenindex.at/apotheken/salzburg/salzburg-stadt/1039-adler-apotheke
644,http://www.apothekenindex.at/apotheken/salzburg/salzburg-stadt/1063-bahnhof-apotheke
645,http://www.apothekenindex.at/apotheken/salzburg/salzburg-stadt/1024-apotheke-zum-heiligen-rupertus
646,http://www.apothekenindex.at/apotheken/salzburg/salzburg-stadt/1243-herz-apotheke-im-zib
647,http://www.apothekenindex.at/apotheken/salzburg/salzburg-stadt/1037-paracelsus-apotheke
648,http://www.apothekenindex.at/apotheken/salzburg/salzburg-stadt/1017-engel-apotheke
649,http://www.apothekenindex.at/apotheken/salzburg/salzburg-stadt/1062-anna-apotheke
650,http://www.apothekenindex.at/apotheken/salzburg/salzburg-stadt/1023-salvator-apotheke
651,http://www.apothekenindex.at/apotheken/salzburg/salzburg-stadt/1076-apotheke-zum-lebensbaum
652,http://www.apothekenindex.at/apotheken/salzburg/salzburg-stadt/1036-riedenburg-apotheke
653,http://www.apothekenindex.at/apotheken/salzburg/salzburg-stadt/1016-apotheke-zum-goldenen-biber
654,http://www.apothekenindex.at/apotheken/salzburg/salzburg-stadt/1059-virgil-apotheke
655,http://www.apothekenindex.at/apotheken/salzburg/salzburg-stadt/1022-elisabeth-apotheke
656,http://www.apothekenindex.at/apotheken/salzburg/salzburg-stadt/1071-theresien-apotheke-im-europark
657,http://www.apothekenindex.at/apotheken/salzburg/salzburg-stadt/1034-josefiau-apotheke
658,http://www.apothekenindex.at/apotheken/salzburg/salzburg-stadt/1015-alte-fe-hofapotheke
659,http://www.apothekenindex.at/apotheken/salzburg/salzburg-stadt/1021-st-erhard-apotheke
660,http://www.apothekenindex.at/apotheken/salzburg/salzburg-stadt/1032-lehener-loewen-apotheke
661,http://www.apothekenindex.at/apotheken/salzburg/salzburg-stadt/1043-salzach-apotheke
662,http://www.apothekenindex.at/apotheken/salzburg/salzburg-stadt/1020-wolf-dietrich-apotheke
663,http://www.apothekenindex.at/apotheken/salzburg/salzburg-stadt/1026-gnigler-apotheke-sadlo-kg
664,http://www.apothekenindex.at/apotheken/salzburg/salzburg-stadt/1329-naturpark-apotheke
665,http://www.apothekenindex.at/apotheken/salzburg/salzburg-stadt/1042-apotheke-zum-heiligen-geist
666,http://www.apothekenindex.at/apotheken/salzburg/st-johann-pongau/1061-sonnen-apotheke
667,http://www.apothekenindex.at/apotheken/salzburg/st-johann-pongau/1006-marien-apotheke
668,http://www.apothekenindex.at/apotheken/salzburg/st-johann-pongau/1041-loewen-apotheke
669,http://www.apothekenindex.at/apotheken/salzburg/st-johann-pongau/1312-apotheke-am-dorfplatz-filialapotheke
670,http://www.apothekenindex.at/apotheken/salzburg/st-johann-pongau/1058-tauern-apotheke
671,http://www.apothekenindex.at/apotheken/salzburg/st-johann-pongau/1013-stadtapotheke
672,http://www.apothekenindex.at/apotheken/salzburg/st-johann-pongau/1027-johannes-stadtapotheke
673,http://www.apothekenindex.at/apotheken/salzburg/st-johann-pongau/1070-anna-apotheke
674,http://www.apothekenindex.at/apotheken/salzburg/st-johann-pongau/1330-wald-apotheke-wagrain
675,http://www.apothekenindex.at/apotheken/salzburg/st-johann-pongau/1335-apotheke-grossarl-mag-pharm-winter-kg
676,http://www.apothekenindex.at/apotheken/salzburg/st-johann-pongau/1028-apotheke-zur-sonnenterrasse
677,http://www.apothekenindex.at/apotheken/salzburg/st-johann-pongau/1005-kurapotheke-bad-hofgastein
678,http://www.apothekenindex.at/apotheken/salzburg/st-johann-pongau/1004-kurapotheke
679,http://www.apothekenindex.at/apotheken/salzburg/tamsweg-lungau/1030-st-leonhard-apotheke
680,http://www.apothekenindex.at/apotheken/salzburg/tamsweg-lungau/1047-apotheke-zum-heiligen-michael
681,http://www.apothekenindex.at/apotheken/salzburg/zell-am-see-pinzgau/1056-st-rupertus-apotheke-lofer-kg
682,http://www.apothekenindex.at/apotheken/salzburg/zell-am-see-pinzgau/1053-baeren-apotheke
683,http://www.apothekenindex.at/apotheken/salzburg/zell-am-see-pinzgau/1031-see-apotheke-zell-am-see-kg
684,http://www.apothekenindex.at/apotheken/salzburg/zell-am-see-pinzgau/1040-adler-apotheke
685,http://www.apothekenindex.at/apotheken/salzburg/zell-am-see-pinzgau/1409-areit-apotheke-og
686,http://www.apothekenindex.at/apotheken/salzburg/zell-am-see-pinzgau/1060-steinbock-apotheke
687,http://www.apothekenindex.at/apotheken/salzburg/zell-am-see-pinzgau/1241-filialapotheke-piesendorf
688,http://www.apothekenindex.at/apotheken/salzburg/zell-am-see-pinzgau/1010-tauern-apotheke
689,http://www.apothekenindex.at/apotheken/salzburg/zell-am-see-pinzgau/1316-kristall-apotheke
690,http://www.apothekenindex.at/apotheken/salzburg/zell-am-see-pinzgau/1313-vitamia-apotheke
691,http://www.apothekenindex.at/apotheken/salzburg/zell-am-see-pinzgau/1050-alpen-apotheke
692,http://www.apothekenindex.at/apotheken/salzburg/zell-am-see-pinzgau/1051-alpen-apotheke-hinterglemm
693,http://www.apothekenindex.at/apotheken/salzburg/zell-am-see-pinzgau/1014-stadtapotheke-zum-heiligen-antonius
694,http://www.apothekenindex.at/apotheken/salzburg/zell-am-see-pinzgau/1052-pinzgau-apotheke
695,http://www.apothekenindex.at/apotheken/salzburg/zell-am-see-pinzgau/1077-aesculus-apotheke
696,http://www.apothekenindex.at/apotheken/salzburg/zell-am-see-pinzgau/1326-apotheke-leogang
697,http://www.apothekenindex.at/apotheken/steiermark/bruck-an-der-mur/1377-vitus-apotheke
698,http://www.apothekenindex.at/apotheken/steiermark/bruck-an-der-mur/748-salvator-apotheke
699,http://www.apothekenindex.at/apotheken/steiermark/bruck-an-der-mur/747-stadt-apotheke
700,http://www.apothekenindex.at/apotheken/steiermark/bruck-an-der-mur/869-landapotheke
701,http://www.apothekenindex.at/apotheken/steiermark/bruck-an-der-mur/1267-lebenswert-apotheke
702,http://www.apothekenindex.at/apotheken/steiermark/bruck-an-der-mur/795-europa-apotheke
703,http://www.apothekenindex.at/apotheken/steiermark/bruck-an-der-mur/907-aesculap-apotheke-kapfenberg
704,http://www.apothekenindex.at/apotheken/steiermark/bruck-an-der-mur/851-apotheke-diemlach
705,http://www.apothekenindex.at/apotheken/steiermark/bruck-an-der-mur/838-apotheke-schirmitzbuehel
706,http://www.apothekenindex.at/apotheken/steiermark/bruck-an-der-mur/742-hochschwab-apotheke
707,http://www.apothekenindex.at/apotheken/steiermark/bruck-an-der-mur/743-hochschwab-apotheke
708,http://www.apothekenindex.at/apotheken/steiermark/bruck-an-der-mur/806-apotheke-zur-gnadenmutter
709,http://www.apothekenindex.at/apotheken/steiermark/bruck-an-der-mur/1392-apotheke-zur-gnadenmutter-filialapotheke
710,http://www.apothekenindex.at/apotheken/steiermark/bruck-an-der-mur/872-bernhard-apotheke
711,http://www.apothekenindex.at/apotheken/steiermark/deutschlandsberg/1288-lebensart-apotheke
712,http://www.apothekenindex.at/apotheken/steiermark/deutschlandsberg/817-apotheke-stainz
713,http://www.apothekenindex.at/apotheken/steiermark/deutschlandsberg/1344-purete-apotheke
714,http://www.apothekenindex.at/apotheken/steiermark/deutschlandsberg/850-marien-apotheke
715,http://www.apothekenindex.at/apotheken/steiermark/deutschlandsberg/749-hirschen-apotheke
716,http://www.apothekenindex.at/apotheken/steiermark/deutschlandsberg/881-christophorus-apotheke
717,http://www.apothekenindex.at/apotheken/steiermark/deutschlandsberg/860-johannes-apotheke
718,http://www.apothekenindex.at/apotheken/steiermark/deutschlandsberg/875-apotheke-wies
719,http://www.apothekenindex.at/apotheken/steiermark/deutschlandsberg/750-apotheke-zur-krone
720,http://www.apothekenindex.at/apotheken/steiermark/feldbach/836-st-josef-apotheke
721,http://www.apothekenindex.at/apotheken/steiermark/feldbach/865-rosen-apotheke
722,http://www.apothekenindex.at/apotheken/steiermark/feldbach/753-apotheke-zur-mariahilf
723,http://www.apothekenindex.at/apotheken/steiermark/feldbach/1401-vulkanland-apotheke
724,http://www.apothekenindex.at/apotheken/steiermark/feldbach/874-leonhard-apotheke
725,http://www.apothekenindex.at/apotheken/steiermark/feldbach/882-marien-apotheke
726,http://www.apothekenindex.at/apotheken/steiermark/feldbach/1388-cur-apotheke
727,http://www.apothekenindex.at/apotheken/steiermark/feldbach/745-johannes-apotheke
728,http://www.apothekenindex.at/apotheken/steiermark/feldbach/752-st-josef-apotheke
729,http://www.apothekenindex.at/apotheken/steiermark/fuerstenfeld/861-jacobus-apotheke
730,http://www.apothekenindex.at/apotheken/steiermark/fuerstenfeld/756-stadt-apotheke
731,http://www.apothekenindex.at/apotheken/steiermark/fuerstenfeld/1407-augustiner-apotheke
732,http://www.apothekenindex.at/apotheken/steiermark/fuerstenfeld/870-panther-apotheke
733,http://www.apothekenindex.at/apotheken/steiermark/graz-stadt/792-st-franziskus-apotheke
734,http://www.apothekenindex.at/apotheken/steiermark/graz-stadt/759-sonnen-apotheke
735,http://www.apothekenindex.at/apotheken/steiermark/graz-stadt/765-apotheke-zur-st-anna
736,http://www.apothekenindex.at/apotheken/steiermark/graz-stadt/777-glacis-apotheke
737,http://www.apothekenindex.at/apotheken/steiermark/graz-stadt/764-leonhard-apotheke
738,http://www.apothekenindex.at/apotheken/steiermark/graz-stadt/770-schlossberg-apotheke
739,http://www.apothekenindex.at/apotheken/steiermark/graz-stadt/789-adler-apotheke
740,http://www.apothekenindex.at/apotheken/steiermark/graz-stadt/776-kaiser-josef-apotheke
741,http://www.apothekenindex.at/apotheken/steiermark/graz-stadt/763-apotheke-zur-goettlichen-vorsehung
742,http://www.apothekenindex.at/apotheken/steiermark/graz-stadt/855-st-paul-apotheke
743,http://www.apothekenindex.at/apotheken/steiermark/graz-stadt/769-jakomini-apotheke
744,http://www.apothekenindex.at/apotheken/steiermark/graz-stadt/788-theodor-koerner-apotheke
745,http://www.apothekenindex.at/apotheken/steiermark/graz-stadt/775-opernapotheke
746,http://www.apothekenindex.at/apotheken/steiermark/graz-stadt/837-schoenau-apotheke
747,http://www.apothekenindex.at/apotheken/steiermark/graz-stadt/781-landschafts-apotheke
748,http://www.apothekenindex.at/apotheken/steiermark/graz-stadt/774-herz-jesu-apotheke
749,http://www.apothekenindex.at/apotheken/steiermark/graz-stadt/761-apotheke-zum-guten-hirten
750,http://www.apothekenindex.at/apotheken/steiermark/graz-stadt/780-apotheke-zur-heiligen-elisabeth
751,http://www.apothekenindex.at/apotheken/steiermark/graz-stadt/767-kronen-apotheke
752,http://www.apothekenindex.at/apotheken/steiermark/graz-stadt/848-neutor-apotheke
753,http://www.apothekenindex.at/apotheken/steiermark/graz-stadt/773-baeren-apotheke
754,http://www.apothekenindex.at/apotheken/steiermark/graz-stadt/760-salvator-apotheke
755,http://www.apothekenindex.at/apotheken/steiermark/graz-stadt/779-mohren-apotheke
756,http://www.apothekenindex.at/apotheken/steiermark/graz-stadt/766-panther-apotheke
757,http://www.apothekenindex.at/apotheken/steiermark/graz-stadt/847-bahnhof-apotheke
758,http://www.apothekenindex.at/apotheken/steiermark/graz-stadt/1390-helios-apotheke
759,http://www.apothekenindex.at/apotheken/steiermark/graz-stadt/785-dreifaltigkeits-apotheke
760,http://www.apothekenindex.at/apotheken/steiermark/graz-stadt/876-schlossapotheke
761,http://www.apothekenindex.at/apotheken/steiermark/graz-stadt/784-schutzengel-apotheke
762,http://www.apothekenindex.at/apotheken/steiermark/graz-stadt/790-apotheke-lend
763,http://www.apothekenindex.at/apotheken/steiermark/graz-stadt/783-apotheke-zum-goldenen-engel
764,http://www.apothekenindex.at/apotheken/steiermark/graz-stadt/7-apotheke-zur-mariahilf
765,http://www.apothekenindex.at/apotheken/steiermark/graz-stadt/782-apotheke-der-barmherzigen-brueder-zum-granatapfel
766,http://www.apothekenindex.at/apotheken/steiermark/graz-stadt/915-rosen-apotheke
767,http://www.apothekenindex.at/apotheken/steiermark/graz-stadt/912-apotheke-im-citypark
768,http://www.apothekenindex.at/apotheken/steiermark/graz-stadt/876-schlossapotheke
769,http://www.apothekenindex.at/apotheken/steiermark/graz-stadt/784-schutzengel-apotheke
770,http://www.apothekenindex.at/apotheken/steiermark/graz-stadt/844-apotheke-am-gruenanger
771,http://www.apothekenindex.at/apotheken/steiermark/graz-stadt/895-apotheke-thondorf-zum-hlchristophorus
772,http://www.apothekenindex.at/apotheken/steiermark/graz-stadt/786-apotheke-liebenau
773,http://www.apothekenindex.at/apotheken/steiermark/graz-stadt/771-apotheke-zum-heiligen-petrus
774,http://www.apothekenindex.at/apotheken/steiermark/graz-stadt/905-petrifelder-apotheke
775,http://www.apothekenindex.at/apotheken/steiermark/graz-stadt/8-rothlauer-apotheke
776,http://www.apothekenindex.at/apotheken/steiermark/graz-stadt/772-apotheke-zu-maria-trost
777,http://www.apothekenindex.at/apotheken/steiermark/graz-stadt/888-lebenskraft-apotheke
778,http://www.apothekenindex.at/apotheken/steiermark/graz-stadt/843-antonius-apotheke
779,http://www.apothekenindex.at/apotheken/steiermark/graz-stadt/890-apotheke-andritz
780,http://www.apothekenindex.at/apotheken/steiermark/graz-stadt/1279-purpur-apotheke
781,http://www.apothekenindex.at/apotheken/steiermark/graz-stadt/787-st-josef-apotheke
782,http://www.apothekenindex.at/apotheken/steiermark/graz-stadt/859-apotheke-ragnitz
783,http://www.apothekenindex.at/apotheken/steiermark/graz-stadt/901-casa-medica-apotheke
784,http://www.apothekenindex.at/apotheken/steiermark/graz-stadt/1261-apotheke-graz-shopping-nord
785,http://www.apothekenindex.at/apotheken/steiermark/graz-stadt/778-janus-apotheke
786,http://www.apothekenindex.at/apotheken/steiermark/graz-stadt/842-kalvarien-apotheke
787,http://www.apothekenindex.at/apotheken/steiermark/graz-stadt/877-aesculap-apotheke
788,http://www.apothekenindex.at/apotheken/steiermark/graz-stadt/911-apotheke-8052
789,http://www.apothekenindex.at/apotheken/steiermark/graz-stadt/826-peter-rosegger-apotheke
790,http://www.apothekenindex.at/apotheken/steiermark/graz-stadt/866-apotheke-neuhart
791,http://www.apothekenindex.at/apotheken/steiermark/graz-stadt/762-floriani-apotheke
792,http://www.apothekenindex.at/apotheken/steiermark/graz-stadt/1411-greencity-apotheke
793,http://www.apothekenindex.at/apotheken/steiermark/graz-stadt/902-regenbogen-apotheke
794,http://www.apothekenindex.at/apotheken/steiermark/graz-stadt/768-apotheke-puntigam
795,http://www.apothekenindex.at/apotheken/steiermark/graz-umgebung/885-lilienapotheke
796,http://www.apothekenindex.at/apotheken/steiermark/graz-umgebung/910-apotheke-im-zentrum
797,http://www.apothekenindex.at/apotheken/steiermark/graz-umgebung/1294-apotheke-kumberg
798,http://www.apothekenindex.at/apotheken/steiermark/graz-umgebung/9-marien-apotheke
799,http://www.apothekenindex.at/apotheken/steiermark/graz-umgebung/879-team-sant-apotheke-hausmannstaetten
800,http://www.apothekenindex.at/apotheken/steiermark/graz-umgebung/913-apotheke-fernitz
801,http://www.apothekenindex.at/apotheken/steiermark/graz-umgebung/871-johannes-apotheke
802,http://www.apothekenindex.at/apotheken/steiermark/graz-umgebung/899-apotheke-zum-chiron
803,http://www.apothekenindex.at/apotheken/steiermark/graz-umgebung/1349-apotheke-hart
804,http://www.apothekenindex.at/apotheken/steiermark/graz-umgebung/1417-apotheke-goessendorf
805,http://www.apothekenindex.at/apotheken/steiermark/graz-umgebung/758-donatus-apotheke
806,http://www.apothekenindex.at/apotheken/steiermark/graz-umgebung/884-flora-apotheke
807,http://www.apothekenindex.at/apotheken/steiermark/graz-umgebung/858-fischer-apotheke
808,http://www.apothekenindex.at/apotheken/steiermark/graz-umgebung/1346-apotheke-peggau-filialapotheke
809,http://www.apothekenindex.at/apotheken/steiermark/graz-umgebung/830-marien-apotheke
810,http://www.apothekenindex.at/apotheken/steiermark/graz-umgebung/755-engel-apotheke
811,http://www.apothekenindex.at/apotheken/steiermark/graz-umgebung/1318-murapotheke
812,http://www.apothekenindex.at/apotheken/steiermark/graz-umgebung/886-st-thomas-apotheke
813,http://www.apothekenindex.at/apotheken/steiermark/graz-umgebung/909-marien-apotheke-hitzendorf
814,http://www.apothekenindex.at/apotheken/steiermark/graz-umgebung/867-kur-apotheke
815,http://www.apothekenindex.at/apotheken/steiermark/graz-umgebung/908-fux-apotheke
816,http://www.apothekenindex.at/apotheken/steiermark/graz-umgebung/833-apotheke-kalsdorf
817,http://www.apothekenindex.at/apotheken/steiermark/graz-umgebung/1282-diana-apotheke
818,http://www.apothekenindex.at/apotheken/steiermark/graz-umgebung/889-damian-apotheke
819,http://www.apothekenindex.at/apotheken/steiermark/hartberg/1290-jakobus-apotheke
820,http://www.apothekenindex.at/apotheken/steiermark/hartberg/812-apotheke-zum-schwarzen-adler
821,http://www.apothekenindex.at/apotheken/steiermark/hartberg/793-apotheke-zum-schwarzen-baeren
822,http://www.apothekenindex.at/apotheken/steiermark/hartberg/846-paracelsus-apotheke
823,http://www.apothekenindex.at/apotheken/steiermark/hartberg/1336-apostl-apotheke
824,http://www.apothekenindex.at/apotheken/steiermark/hartberg/754-apotheke-zur-maria-heil-der-kranken
825,http://www.apothekenindex.at/apotheken/steiermark/hartberg/893-augustinus-apotheke
826,http://www.apothekenindex.at/apotheken/steiermark/hartberg/897-thermen-apotheke
827,http://www.apothekenindex.at/apotheken/steiermark/judenburg/864-lebenskreis-apotheke
828,http://www.apothekenindex.at/apotheken/steiermark/judenburg/823-aichfeld-apotheke
829,http://www.apothekenindex.at/apotheken/steiermark/judenburg/840-stadt-apotheke
830,http://www.apothekenindex.at/apotheken/steiermark/judenburg/794-landschafts-apotheke
831,http://www.apothekenindex.at/apotheken/steiermark/judenburg/903-schutzengel-apotheke
832,http://www.apothekenindex.at/apotheken/steiermark/judenburg/791-apotheke-zum-bergmann
833,http://www.apothekenindex.at/apotheken/steiermark/judenburg/914-poelstal-apotheke
834,http://www.apothekenindex.at/apotheken/steiermark/knittelfeld/798-stadt-apotheke-zur-hl-dreifaltigkeit
835,http://www.apothekenindex.at/apotheken/steiermark/knittelfeld/797-adler-apotheke
836,http://www.apothekenindex.at/apotheken/steiermark/knittelfeld/880-sonnen-apotheke
837,http://www.apothekenindex.at/apotheken/steiermark/leibnitz/863-stiefingtal-apotheke
838,http://www.apothekenindex.at/apotheken/steiermark/leibnitz/822-apotheke-zur-mariahilf
839,http://www.apothekenindex.at/apotheken/steiermark/leibnitz/800-apotheke-zum-hirschen
840,http://www.apothekenindex.at/apotheken/steiermark/leibnitz/835-team-sant-linden-apotheke
841,http://www.apothekenindex.at/apotheken/steiermark/leibnitz/896-sulmtal-apotheke
842,http://www.apothekenindex.at/apotheken/steiermark/leibnitz/1314-landapotheke
843,http://www.apothekenindex.at/apotheken/steiermark/leibnitz/878-antonius-apotheke
844,http://www.apothekenindex.at/apotheken/steiermark/leibnitz/1255-michaeli-apotheke
845,http://www.apothekenindex.at/apotheken/steiermark/leibnitz/891-urbani-apotheke
846,http://www.apothekenindex.at/apotheken/steiermark/leibnitz/1262-rebenland-apotheke
847,http://www.apothekenindex.at/apotheken/steiermark/leibnitz/819-mariahilf-apotheke
848,http://www.apothekenindex.at/apotheken/steiermark/leoben/804-apotheke-zur-huette
849,http://www.apothekenindex.at/apotheken/steiermark/leoben/803-stadtapotheke-leoben
850,http://www.apothekenindex.at/apotheken/steiermark/leoben/802-josefee-apotheke
851,http://www.apothekenindex.at/apotheken/steiermark/leoben/845-apotheke-in-goess
852,http://www.apothekenindex.at/apotheken/steiermark/leoben/801-waasen-apotheke
853,http://www.apothekenindex.at/apotheken/steiermark/leoben/834-glueck-auf-apotheke
854,http://www.apothekenindex.at/apotheken/steiermark/leoben/904-apotheke-niklasdorf
855,http://www.apothekenindex.at/apotheken/steiermark/leoben/868-michael-apotheke
856,http://www.apothekenindex.at/apotheken/steiermark/leoben/751-adler-apotheke
857,http://www.apothekenindex.at/apotheken/steiermark/leoben/824-erzberg-apotheke-zur-heiligen-barbara
858,http://www.apothekenindex.at/apotheken/steiermark/leoben/820-mariahilf-apotheke
859,http://www.apothekenindex.at/apotheken/steiermark/leoben/892-stadt-apotheke
860,http://www.apothekenindex.at/apotheken/steiermark/liezen/856-stadt-apotheke-zur-hl-barbara
861,http://www.apothekenindex.at/apotheken/steiermark/liezen/814-stadt-apotheke
862,http://www.apothekenindex.at/apotheken/steiermark/liezen/741-stifts-apotheke
863,http://www.apothekenindex.at/apotheken/steiermark/liezen/805-loewen-apotheke
864,http://www.apothekenindex.at/apotheken/steiermark/liezen/883-stadt-apotheke
865,http://www.apothekenindex.at/apotheken/steiermark/liezen/831-panther-apotheke
866,http://www.apothekenindex.at/apotheken/steiermark/liezen/832-alpenapotheke
867,http://www.apothekenindex.at/apotheken/steiermark/liezen/1419-apotheke-planai-west
868,http://www.apothekenindex.at/apotheken/steiermark/liezen/816-edelweiss-apotheke
869,http://www.apothekenindex.at/apotheken/steiermark/liezen/854-kurapotheke-bad-mitterndorf
870,http://www.apothekenindex.at/apotheken/steiermark/liezen/744-kurapotheke-im-alten-kurmittelhaus
871,http://www.apothekenindex.at/apotheken/steiermark/liezen/906-narzissen-apotheke
872,http://www.apothekenindex.at/apotheken/steiermark/liezen/1364-narzissen-apotheke-filiale-altaussee
873,http://www.apothekenindex.at/apotheken/steiermark/murau/815-stifts-apotheke
874,http://www.apothekenindex.at/apotheken/steiermark/murau/811-apotheke-zur-mariahilf
875,http://www.apothekenindex.at/apotheken/steiermark/murau/809-salvator-apotheke
876,http://www.apothekenindex.at/apotheken/steiermark/muerzzuschlag/796-apotheke-zum-heiligen-josef
877,http://www.apothekenindex.at/apotheken/steiermark/muerzzuschlag/894-apotheke-zur-heiligen-barbara
878,http://www.apothekenindex.at/apotheken/steiermark/muerzzuschlag/873-andreas-apotheke
879,http://www.apothekenindex.at/apotheken/steiermark/muerzzuschlag/825-jakobus-apotheke
880,http://www.apothekenindex.at/apotheken/steiermark/muerzzuschlag/807-apotheke-zum-heiligen-josef
881,http://www.apothekenindex.at/apotheken/steiermark/muerzzuschlag/852-berg-apotheke
882,http://www.apothekenindex.at/apotheken/steiermark/radkersbung/810-apotheke-zur-reichskrone
883,http://www.apothekenindex.at/apotheken/steiermark/radkersbung/813-apotheke-zum-mohren
884,http://www.apothekenindex.at/apotheken/steiermark/voitsberg/898-kosmas-apotheke
885,http://www.apothekenindex.at/apotheken/steiermark/voitsberg/841-rathaus-apotheke
886,http://www.apothekenindex.at/apotheken/steiermark/voitsberg/821-st-josef-apotheke
887,http://www.apothekenindex.at/apotheken/steiermark/voitsberg/1304-apotheke-krems
888,http://www.apothekenindex.at/apotheken/steiermark/voitsberg/827-barbara-apotheke
889,http://www.apothekenindex.at/apotheken/steiermark/voitsberg/799-apotheke-zum-heiligen-schutzengel
890,http://www.apothekenindex.at/apotheken/steiermark/voitsberg/900-johannes-apotheke
891,http://www.apothekenindex.at/apotheken/steiermark/voitsberg/839-sonnen-apotheke
892,http://www.apothekenindex.at/apotheken/steiermark/weiz/1395-apotheke-weiz
893,http://www.apothekenindex.at/apotheken/steiermark/weiz/853-steirer-apotheke
894,http://www.apothekenindex.at/apotheken/steiermark/weiz/828-paracelsus-apotheke
895,http://www.apothekenindex.at/apotheken/steiermark/weiz/1293-almenland-apotheke
896,http://www.apothekenindex.at/apotheken/steiermark/weiz/1338-zur-markt-apotheke
897,http://www.apothekenindex.at/apotheken/steiermark/weiz/862-andreas-apotheke
898,http://www.apothekenindex.at/apotheken/steiermark/weiz/746-st-petrus-apotheke
899,http://www.apothekenindex.at/apotheken/steiermark/weiz/757-stadtapotheke-gleisdorf
900,http://www.apothekenindex.at/apotheken/steiermark/weiz/887-raabtal-apotheke
901,http://www.apothekenindex.at/apotheken/steiermark/weiz/857-kulmland-apotheke
902,http://www.apothekenindex.at/apotheken/steiermark/weiz/1306-apotheke-sinabelkirchen
903,http://www.apothekenindex.at/apotheken/steiermark/weiz/226-apotheke-st-margarethen
904,http://www.apothekenindex.at/apotheken/tirol/imst/6-sonnen-apotheke
905,http://www.apothekenindex.at/apotheken/tirol/imst/1129-alpen-apotheke
906,http://www.apothekenindex.at/apotheken/tirol/imst/1274-simmering-apotheke-filialapotheke
907,http://www.apothekenindex.at/apotheken/tirol/imst/1242-edelweiss-apotheke-oetz
908,http://www.apothekenindex.at/apotheken/tirol/imst/1379-nikolaus-apotheke
909,http://www.apothekenindex.at/apotheken/tirol/imst/1150-tztal-apotheke
910,http://www.apothekenindex.at/apotheken/tirol/imst/1084-stadt-apotheke
911,http://www.apothekenindex.at/apotheken/tirol/imst/1185-laurentius-apotheke
912,http://www.apothekenindex.at/apotheken/tirol/imst/1158-gurgltal-apotheke
913,http://www.apothekenindex.at/apotheken/tirol/imst/1272-pitztal-apotheke-filialapotheke
914,http://www.apothekenindex.at/apotheken/tirol/innsbruck-land/1151-marien-apotheke
915,http://www.apothekenindex.at/apotheken/tirol/innsbruck-land/1082-kur-und-stadtapotheke
916,http://www.apothekenindex.at/apotheken/tirol/innsbruck-land/1263-haller-lend-apotheke
917,http://www.apothekenindex.at/apotheken/tirol/innsbruck-land/1081-st-magdalena-apotheke
918,http://www.apothekenindex.at/apotheken/tirol/innsbruck-land/1143-st-georg-apotheke
919,http://www.apothekenindex.at/apotheken/tirol/innsbruck-land/4-rumer-spitz-apotheke
920,http://www.apothekenindex.at/apotheken/tirol/innsbruck-land/1083-romedius-apotheke
921,http://www.apothekenindex.at/apotheken/tirol/innsbruck-land/1170-paracelsus-apotheke
922,http://www.apothekenindex.at/apotheken/tirol/innsbruck-land/1181-apotheke-aldrans
923,http://www.apothekenindex.at/apotheken/tirol/innsbruck-land/1168-vellenberg-apotheke
924,http://www.apothekenindex.at/apotheken/tirol/innsbruck-land/1144-johannes-apotheke
925,http://www.apothekenindex.at/apotheken/tirol/innsbruck-land/1111-apotheke-seefeld
926,http://www.apothekenindex.at/apotheken/tirol/innsbruck-land/1165-johannes-apotheke
927,http://www.apothekenindex.at/apotheken/tirol/innsbruck-land/1174-marien-apotheke
928,http://www.apothekenindex.at/apotheken/tirol/innsbruck-land/1119-st-stephan-apotheke
929,http://www.apothekenindex.at/apotheken/tirol/innsbruck-land/1363-apotheke-kolsass
930,http://www.apothekenindex.at/apotheken/tirol/innsbruck-land/1358-apotheke-zur-serles
931,http://www.apothekenindex.at/apotheken/tirol/innsbruck-land/1117-wipptal-apotheke
932,http://www.apothekenindex.at/apotheken/tirol/innsbruck-land/1147-marien-apotheke
933,http://www.apothekenindex.at/apotheken/tirol/innsbruck-land/1161-apotheke-zum-hl-nikolaus
934,http://www.apothekenindex.at/apotheken/tirol/innsbruck-land/1133-stubaital-apotheke
935,http://www.apothekenindex.at/apotheken/tirol/innsbruck-land/1155-st-georg-apotheke
936,http://www.apothekenindex.at/apotheken/tirol/innsbruck-land/1121-fragenstein-apotheke
937,http://www.apothekenindex.at/apotheken/tirol/innsbruck-land/1385-apotheke-am-inn-zirl
938,http://www.apothekenindex.at/apotheken/tirol/innsbruck-land/1378-apotheke-oberperfuss
939,http://www.apothekenindex.at/apotheken/tirol/innsbruck-land/1171-apotheke-kematen
940,http://www.apothekenindex.at/apotheken/tirol/innsbruck-land/1134-st-blasius-apotheke
941,http://www.apothekenindex.at/apotheken/tirol/innsbruck-land/1179-cyta-apotheke
942,http://www.apothekenindex.at/apotheken/tirol/innsbruck-land/1159-christophorus-apotheke
943,http://www.apothekenindex.at/apotheken/tirol/innsbruck-land/1162-st-georgen-apotheke
944,http://www.apothekenindex.at/apotheken/tirol/innsbruck-land/1113-engel-apotheke
945,http://www.apothekenindex.at/apotheken/tirol/innsbruck-land/1175-apotheke-im-rztehaus
946,http://www.apothekenindex.at/apotheken/tirol/innsbruck-stadt/1163-lohbach-apotheke
947,http://www.apothekenindex.at/apotheken/tirol/innsbruck-stadt/1095-st-anna-apotheke
948,http://www.apothekenindex.at/apotheken/tirol/innsbruck-stadt/1122-schuetzen-apotheke
949,http://www.apothekenindex.at/apotheken/tirol/innsbruck-stadt/1088-linden-apotheke
950,http://www.apothekenindex.at/apotheken/tirol/innsbruck-stadt/1156-apotheke-zum-grossen-gott
951,http://www.apothekenindex.at/apotheken/tirol/innsbruck-stadt/1094-zentral-apotheke
952,http://www.apothekenindex.at/apotheken/tirol/innsbruck-stadt/1116-prinz-eugen-apotheke
953,http://www.apothekenindex.at/apotheken/tirol/innsbruck-stadt/1087-saggen-apotheke
954,http://www.apothekenindex.at/apotheken/tirol/innsbruck-stadt/1149-solstein-apotheke
955,http://www.apothekenindex.at/apotheken/tirol/innsbruck-stadt/1093-apotheke-zum-andreas-hofer
956,http://www.apothekenindex.at/apotheken/tirol/innsbruck-stadt/1340-apotheke-atrium
957,http://www.apothekenindex.at/apotheken/tirol/innsbruck-stadt/1115-bahnhof-apotheke
958,http://www.apothekenindex.at/apotheken/tirol/innsbruck-stadt/1086-apotheke-zur-triumphpforte
959,http://www.apothekenindex.at/apotheken/tirol/innsbruck-stadt/1136-apotheke-mariahilf-kg
960,http://www.apothekenindex.at/apotheken/tirol/innsbruck-stadt/1092-apotheke-zur-universitaet
961,http://www.apothekenindex.at/apotheken/tirol/innsbruck-stadt/1276-tivoli-apotheke
962,http://www.apothekenindex.at/apotheken/tirol/innsbruck-stadt/1098-stamser-apotheke
963,http://www.apothekenindex.at/apotheken/tirol/innsbruck-stadt/1085-burggrafen-apotheke
964,http://www.apothekenindex.at/apotheken/tirol/innsbruck-stadt/1135-apotheke-zum-tiroler-adler
965,http://www.apothekenindex.at/apotheken/tirol/innsbruck-stadt/1091-apotheke-boznerplatz
966,http://www.apothekenindex.at/apotheken/tirol/innsbruck-stadt/1172-apotheke-am-mitterweg
967,http://www.apothekenindex.at/apotheken/tirol/innsbruck-stadt/1097-nova-park-apotheke
968,http://www.apothekenindex.at/apotheken/tirol/innsbruck-stadt/1124-reichenauer-apotheke
969,http://www.apothekenindex.at/apotheken/tirol/innsbruck-stadt/1090-dreifaltigkeits-apotheke
970,http://www.apothekenindex.at/apotheken/tirol/innsbruck-stadt/1166-apotheke-im-dez
971,http://www.apothekenindex.at/apotheken/tirol/innsbruck-stadt/1096-stadt-apotheke
972,http://www.apothekenindex.at/apotheken/tirol/innsbruck-stadt/1123-loewen-apotheke
973,http://www.apothekenindex.at/apotheken/tirol/innsbruck-stadt/1089-apotheke-muehlau-mag-pharm-falkensteiner-kg
974,http://www.apothekenindex.at/apotheken/tirol/innsbruck-stadt/5-kur-apotheke
975,http://www.apothekenindex.at/apotheken/tirol/kitzbuehel/1146-klobenstein-apotheke
976,http://www.apothekenindex.at/apotheken/tirol/kitzbuehel/1127-brixental-apotheke
977,http://www.apothekenindex.at/apotheken/tirol/kitzbuehel/1177-apotheke-westendorf
978,http://www.apothekenindex.at/apotheken/tirol/kitzbuehel/1139-apotheke-kirchberg
979,http://www.apothekenindex.at/apotheken/tirol/kitzbuehel/1348-sonnberg-apotheke
980,http://www.apothekenindex.at/apotheken/tirol/kitzbuehel/1138-rosen-apotheke
981,http://www.apothekenindex.at/apotheken/tirol/kitzbuehel/1100-stadtapotheke-kitzbuehel
982,http://www.apothekenindex.at/apotheken/tirol/kitzbuehel/1109-apotheke-zum-wilden-kaiser
983,http://www.apothekenindex.at/apotheken/tirol/kitzbuehel/1167-johannes-apotheke
984,http://www.apothekenindex.at/apotheken/tirol/kitzbuehel/1132-pillersee-apotheke
985,http://www.apothekenindex.at/apotheken/tirol/kufstein/1128-st-barbara-apotheke
986,http://www.apothekenindex.at/apotheken/tirol/kufstein/1182-sonnwend-apotheke
987,http://www.apothekenindex.at/apotheken/tirol/kufstein/1106-achen-apotheke
988,http://www.apothekenindex.at/apotheken/tirol/kufstein/1107-stadt-apotheke
989,http://www.apothekenindex.at/apotheken/tirol/kufstein/1154-michaelis-apotheke
990,http://www.apothekenindex.at/apotheken/tirol/kufstein/1186-vitalis-apotheke
991,http://www.apothekenindex.at/apotheken/tirol/kufstein/1125-central-apotheke
992,http://www.apothekenindex.at/apotheken/tirol/kufstein/1114-stadt-apotheke
993,http://www.apothekenindex.at/apotheken/tirol/kufstein/1184-salven-apotheke
994,http://www.apothekenindex.at/apotheken/tirol/kufstein/1367-apotheke-wildschoenau
995,http://www.apothekenindex.at/apotheken/tirol/kufstein/1141-apotheke-angerberg-filialapotheke
996,http://www.apothekenindex.at/apotheken/tirol/kufstein/1142-apotheke-kirchbichl
997,http://www.apothekenindex.at/apotheken/tirol/kufstein/1102-obere-stadt-apotheke
998,http://www.apothekenindex.at/apotheken/tirol/kufstein/1101-stadt-apotheke-zum-tiroler-adler
999,http://www.apothekenindex.at/apotheken/tirol/kufstein/1169-festungsapotheke
1000,http://www.apothekenindex.at/apotheken/tirol/kufstein/1153-st-nikolaus-apotheke-eu
1001,http://www.apothekenindex.at/apotheken/tirol/kufstein/1265-niederndorfer-apotheke-filialapotheke
1002,http://www.apothekenindex.at/apotheken/tirol/kufstein/1131-sonnwend-apotheke
1003,http://www.apothekenindex.at/apotheken/tirol/landeck/1152-pontlatz-apotheke
1004,http://www.apothekenindex.at/apotheken/tirol/landeck/1103-stadt-apotheke-zur-mariahilf
1005,http://www.apothekenindex.at/apotheken/tirol/landeck/1183-kronburg-apotheke
1006,http://www.apothekenindex.at/apotheken/tirol/landeck/1148-arlberg-apotheke
