,Name,Address,Tel,Fax,Email,Schedule,Link
0,Schutzengel-Apotheke,"Hauptstraße 34
2491 Neufeld an der Leitha",+43-2624-52312,+43-2624-52312-6,neufeld@schutzengel-apo.at,"{'Montag:': '8:00 - 12:00, 14:30 - 18:00', 'Dienstag:': '8:00 - 12:00, 14:30 - 18:00', 'Mittwoch:': '8:00 - 12:00, 14:30 - 18:00', 'Donnerstag:': '8:00 - 12:00, 14:30 - 18:00', 'Freitag:': '8:00 - 12:00, 14:30 - 18:00', 'Samstag:': '8:00 - 12:00'}",http://www.apothekenindex.at/apotheken/burgenland/eisenstadt/28-schutzengel-apotheke
1,Burgenland-Apotheke,"Rathausplatz 6
7011 Siegendorf",+43-2687-48277,+43-2687-48277-73,info@apotheke-siegendorf.at,"{'Montag:': '7:30 - 18:00', 'Dienstag:': '7:30 - 18:00', 'Mittwoch:': '7:30 - 18:00', 'Donnerstag:': '7:30 - 18:00', 'Freitag:': '7:30 - 18:30', 'Samstag:': '7:30 - 12:00 '}",http://www.apothekenindex.at/apotheken/burgenland/eisenstadt/36-burgenland-apotheke
2,Schlangen-Apotheke,"Wiener Straße 29
7053 Hornstein",+43-2689-2209,+43-2689-2209-4,schlangenapotheke@gmx.at,"{'Montag:': '8:00 - 12:00, 14:00 - 18:00', 'Dienstag:': '8:00 - 12:00, 14:00 - 18:00', 'Mittwoch:': '8:00 - 12:00, 14:00 - 18:00', 'Donnerstag:': '8:00 - 12:00', 'Freitag:': '8:00 - 12:00, 14:00 - 18:00', 'Samstag:': '8:00 - 12:00'}",http://www.apothekenindex.at/apotheken/burgenland/eisenstadt/22-schlangen-apotheke
3,Römer-Apotheke,"Hauptstrasse 84
7062 St. Margarethen",+43-2680-21115,+43-2680-21115-30,info@r%C3%B6mer-apotheke.at,"{'Montag:': '7:30 - 18:00', 'Dienstag:': '7:30 - 18:00', 'Mittwoch:': '7:30 - 18:00', 'Donnerstag:': '7:30 - 18:00', 'Freitag:': '7:30 - 18:00', 'Samstag:': '7:30 - 12:00'}",http://www.apothekenindex.at/apotheken/burgenland/eisenstadt/1391-roemer-apotheke
4,Die Ruster Apotheke,"Oggauer Straße 22
7071 Rust",+43-2685-259,+43-2685-204-29,info@rusterapo.at,"{'Montag:': '8:00 - 12:00, 14:00 - 18:00', 'Dienstag:': '8:00 - 12:00, 14:00 - 18:00', 'Mittwoch:': '8:00 - 12:00, 14:00 - 18:00', 'Donnerstag:': '8:00 - 12:00, 14:00 - 18:00', 'Freitag:': '8:00 - 12:00, 14:00 - 18:00', 'Samstag:': '8:00 - 12:00'}",http://www.apothekenindex.at/apotheken/burgenland/eisenstadt/33-die-ruster-apotheke
5,Schutzengel-Apotheke,"Neusiedler Strasse 16
7082 Donnerskirchen",+43-2683-8542,+43-2683-8542-4,bencic@bfk.at,"{'Montag:': '8:00 - 18:00', 'Dienstag:': '8:00 - 18:00', 'Mittwoch:': '8:00 - 18:00', 'Donnerstag:': '8:00 - 18:00', 'Freitag:': '8:00 - 18:00', 'Samstag:': '8:00 - 12:00'}",http://www.apothekenindex.at/apotheken/burgenland/eisenstadt/15-schutzengel-apotheke
6,Schutzengel-Filialapotheke,"Hauptgasse 13
7083 Purbach",+43-2683-2020,+43-2683-2203,bencic@bkf.at,"{'Montag:': '8:30 - 12:00, 15:00 - 18:00', 'Dienstag:': '8:30 - 12:00, 15:00 - 18:00', 'Mittwoch:': '8:30 - 12:00, 15:00 - 18:00', 'Donnerstag:': '8:30 - 12:00, 15:00 - 18:00', 'Freitag:': '8:30 - 12:00, 15:00 - 18:00', 'Samstag:': '8:00 - 12:00'}",http://www.apothekenindex.at/apotheken/burgenland/eisenstadt/16-schutzengel-filialapotheke
7,Marien-Apotheke,"Hauptstraße 56
7000 Eisenstadt",+43-2682-63870,+43-2682-63870-13,info@marienapo.at,"{'Montag:': '8:00 - 18:00', 'Dienstag:': '8:00 - 18:00', 'Mittwoch:': '8:00 - 18:00', 'Donnerstag:': '8:00 - 18:00', 'Freitag:': '8:00 - 18:00', 'Samstag:': '8:00 - 12:00'}",http://www.apothekenindex.at/apotheken/burgenland/eisenstadt-stadt/42-marien-apotheke
8,Salvator-Apotheke,"Hauptstraße 4
7000 Eisenstadt",+43-2682-62654,+43-2682-62654-72,salvatorapotheke@remedia.at,"{'Montag:': '8:00 - 18:00', 'Dienstag:': '8:00 - 18:00', 'Mittwoch:': '8:00 - 18:00', 'Donnerstag:': '8:00 - 18:00', 'Freitag:': '8:00 - 18:00', 'Samstag:': '8:00 - 12:00'}",http://www.apothekenindex.at/apotheken/burgenland/eisenstadt-stadt/18-salvator-apotheke
9,Apotheke der Barmherzigen Brüder Zum Granatapfel,"Esterhazystraße 26
7000 Eisenstadt",+43-2682-62178-1500,+43-2682-601-1599,apotheke@bbeisen.at,"{'Montag:': '8:00 - 18:00', 'Dienstag:': '8:00 - 18:00', 'Mittwoch:': '8:00 - 18:00', 'Donnerstag:': '8:00 - 18:00', 'Freitag:': '8:00 - 18:00', 'Samstag:': '8:00 - 12:00'}",http://www.apothekenindex.at/apotheken/burgenland/eisenstadt-stadt/17-apotheke-der-barmherzigen-brueder-zum-granatapfel
10,Diana-Apotheke,"Pater Gratian Leser Straße 4
7540 Güssing",+43-3322-42231,+43-3322-42231-30,service@apothekeguessing.at,"{'Montag:': '8:00 - 18:30', 'Dienstag:': '8:00 - 18:30', 'Mittwoch:': '8:00 - 18:30', 'Donnerstag:': '8:00 - 18:30', 'Freitag:': '8:00 - 18:30', 'Samstag:': '8:00 - 12:30'}",http://www.apothekenindex.at/apotheken/burgenland/guessing/21-diana-apotheke
11,Salvator-Apotheke,"Hauptplatz 14
7551 Stegersbach",+43-3326-52310,+43-3326-540484,salvatorapo@salvatorapo.at,"{'Montag:': '8:00 - 12:30, 14:30 - 18:00', 'Dienstag:': '8:00 - 12:30, 14:30 - 18:00', 'Mittwoch:': '8:00 - 12:30, 14:30 - 18:00', 'Donnerstag:': '8:00 - 12:30, 14:30 - 18:00', 'Freitag:': '8:00 - 12:30, 14:30 - 18:00', 'Samstag:': '8:00 - 12:00'}",http://www.apothekenindex.at/apotheken/burgenland/guessing/37-salvator-apotheke
12,Salvator-Apotheke,"Hauptplatz 7
8380 Jennersdorf",+43-3329-45226,+43-3329-45226-22,office@stadtapotheke-jennersdorf.at,"{'Montag:': '8:00 - 12:30, 15:00 - 18:00', 'Dienstag:': '8:00 - 12:30, 15:00 - 18:00', 'Mittwoch:': '8:00 - 12:30, 15:00 - 18:00', 'Donnerstag:': '8:00 - 12:30, 15:00 - 18:00', 'Freitag:': '8:00 - 12:30, 15:00 - 18:00', 'Samstag:': '8:00 - 12:00'}",http://www.apothekenindex.at/apotheken/burgenland/jenersdorf/23-salvator-apotheke
13,Kloster-Apotheke,"Hauptstraße 34
7021 Baumgarten",+43-2686-20503,+43-2686-205033-0,kloster-apotheke@bnet.at,"{'Montag:': '8:00 - 18:00', 'Dienstag:': '8:00 - 18:00', 'Mittwoch:': '8:00 - 18:00', 'Donnerstag:': '8:00 - 18:00', 'Freitag:': '8:00 - 18:00', 'Samstag:': '8:00 - 12:00'}",http://www.apothekenindex.at/apotheken/burgenland/mattersburg/12-kloster-apotheke
14,Passage-Apotheke,"Hauptstraße 68
7201 Neudörfl",+43-2622-79260,+43-2622-79329, ,"{'Montag:': '8:00 - 18:00', 'Dienstag:': '8:00 - 18:00', 'Mittwoch:': '8:00 - 18:00', 'Donnerstag:': '8:00 - 18:00', 'Freitag:': '8:00 - 18:00', 'Samstag:': '8:00 - 12:00'}",http://www.apothekenindex.at/apotheken/burgenland/mattersburg/34-passage-apotheke
15,Kurbad-Apotheke,"Schulstraße 5
7202 Bad Sauerbrunn",+43-2625-32201,+43-2625-32201-30,kurbadapotheke@gmx.at,"{'Montag:': '8:00 - 18:00', 'Dienstag:': '8:00 - 18:00', 'Mittwoch:': '8:00 - 18:00', 'Donnerstag:': '8:00 - 18:00', 'Freitag:': '8:00 - 18:00', 'Samstag:': '8:00 - 12:00'}",http://www.apothekenindex.at/apotheken/burgenland/mattersburg/35-kurbad-apotheke
16,Salvator-Apotheke,"Hauptplatz 9
7210 Mattersburg",+43-2626-62447,+43-2626-62447-30,salvator.apo@speed.at,"{'Montag:': '8:00 - 18:00', 'Dienstag:': '8:00 - 18:00', 'Mittwoch:': '8:00 - 18:00', 'Donnerstag:': '8:00 - 18:00', 'Freitag:': '8:00 - 18:00', 'Samstag:': '8:00 - 12:00'}",http://www.apothekenindex.at/apotheken/burgenland/mattersburg/27-salvator-apotheke
17,Kloster-Apotheke,"Hauptstraße 60
7212 Forchtenstein",+43-2626-83510,+43-2626-83510-40,kloster.apo@speed.at,"{'Montag:': '8:00 - 12:00, 14:00 - 18:00', 'Dienstag:': '8:00 - 12:00, 14:00 - 18:00', 'Mittwoch:': '8:00 - 12:00', 'Donnerstag:': '8:00 - 12:00, 14:00 - 18:00', 'Freitag:': '8:00 - 12:00, 14:00 - 18:00', 'Samstag:': '8:00 - 12:00'}",http://www.apothekenindex.at/apotheken/burgenland/mattersburg/51-kloster-apotheke
18,Sebastian-Apotheke,"Loipersbacher Straße 2
7222 Rohrbach",+43-2626-63301,+43-2626-63301-4,sebastian-apo@telering.at,"{'Montag:': '8:00 - 12:30, 14:30 - 18:00', 'Dienstag:': '8:00 - 12:30, 14:30 - 18:00', 'Mittwoch:': '8:00 - 12:30, 14:30 - 18:00', 'Donnerstag:': '8:00 - 12:00', 'Freitag:': '8:00 - 12:30, 14:30 - 18:00', 'Samstag:': '8:00 - 12:00'}",http://www.apothekenindex.at/apotheken/burgenland/mattersburg/49-sebastian-apotheke
19,Salvator-Apotheke,"Hauptplatz 5
2421 Kittsee",+43-2143-2314,+43-2143-2314-6,apotheke@kittsee.at,"{'Montag:': '8:00 - 12:00, 14:00 - 18:00', 'Dienstag:': '8:00 - 12:00, 14:00 - 18:00', 'Mittwoch:': '8:00 - 12:00, 14:00 - 18:00', 'Donnerstag:': '8:00 - 12:00, 14:00 - 18:00', 'Freitag:': '8:00 - 12:00, 14:00 - 18:00', 'Samstag:': '8:00 - 12:00'}",http://www.apothekenindex.at/apotheken/burgenland/neusiedl/24-salvator-apotheke
20,Heide-Apotheke,"Obere Hauptstraße 26
2424 Zurndorf",+43-2147-2232,+43-2147-2232-4,apozudo@aon.at,"{'Montag:': '8:00 - 12:30, 15:00 - 18:00', 'Dienstag:': '8:00 - 12:30, 15:00 - 18:00', 'Mittwoch:': '8:00 - 12:30, 15:00 - 18:00', 'Donnerstag:': '8:00 - 12:30, 15:00 - 18:00', 'Freitag:': '8:00 - 12:30, 15:00 - 18:00', 'Samstag:': '8:00 - 12:00'}",http://www.apothekenindex.at/apotheken/burgenland/neusiedl/39-heide-apotheke
21,Bahnhof-Apotheke,"Bahnhofplatz 5
2460 Bruckneudorf",+43-2162-62317,+43-2162-62317-4,info@bahnhofapotheke.at,"{'Montag:': '8:00 - 18:00 ', 'Dienstag:': '8:00 - 18:00 ', 'Mittwoch:': '8:00 - 18:00 ', 'Donnerstag:': '8:00 - 18:00 ', 'Freitag:': '8:00 - 18:00 ', 'Samstag:': '8:00 - 12:00 '}",http://www.apothekenindex.at/apotheken/burgenland/neusiedl/13-bahnhof-apotheke
22,Apotheke Jois (Filialapotheke),"Bundesstr.12
7093 Jois",+43-2160-27076,+43-2160-27076-10,info@apothekejois.at,"{'Montag:': '8:00 - 12:00, 16:00 - 18:00', 'Dienstag:': '8:00 - 12:00, 16:00 - 18:00', 'Mittwoch:': 'geschlossen', 'Donnerstag:': '8:00 - 12:00, 16:00 - 18:00', 'Freitag:': '8:00 - 12:00, 16:00 - 18:00', 'Samstag:': '8:00 - 12:00'}",http://www.apothekenindex.at/apotheken/burgenland/neusiedl/1295-apotheke-jois-filialapotheke
23,Mag.pharm. Job's Kreisapotheke,"Untere Hauptstraße 1
7100 Neusiedl am See",+43-2167-5031,+43-2167-5031-29,kreisapo@magjobs.at,"{'Montag:': '8:00 - 18:00', 'Dienstag:': '8:00 - 18:00', 'Mittwoch:': '8:00 - 18:00', 'Donnerstag:': '8:00 - 18:00', 'Freitag:': '8:00 - 18:00', 'Samstag:': '8:00 - 12:00'}",http://www.apothekenindex.at/apotheken/burgenland/neusiedl/29-magpharm-jobs-kreisapotheke
24,Sonnenland Apotheke,"Altenburger Straße 20
7100 Neusiedl am See",+43-2167-20703,+43-2167-20703-20,office@sonnenlandapo.at,"{'Montag:': '8:00 - 18:00', 'Dienstag:': '8:00 - 18:00', 'Mittwoch:': '8:00 - 18:00', 'Donnerstag:': '8:00 - 18:00', 'Freitag:': '8:00 - 18:00', 'Samstag:': '8:00 - 12:00'}",http://www.apothekenindex.at/apotheken/burgenland/neusiedl/45-sonnenland-apotheke
25,Pannonia Apotheke,"Neusiedler Straße 6 c
7111 Parndorf",+43-2166-20333,+43-2166-20333-4,apopado@aon.at,"{'Montag:': '8:00 - 18:00', 'Dienstag:': '8:00 - 18:00', 'Mittwoch:': '8:00 - 18:00', 'Donnerstag:': '8:00 - 18:00', 'Freitag:': '8:00 - 18:00', 'Samstag:': '8:00 - 12:00'}",http://www.apothekenindex.at/apotheken/burgenland/neusiedl/52-pannonia-apotheke
26,Apotheke im Fashion Outlet,"Gewerbestraße 4, Top 40/41
7111 Parndorf",+43-2166-20911,+43-2166-20911-15,office@fashionapotheke.at,"{'Montag:': '9:00 - 19:00', 'Dienstag:': '9:00 - 19:00', 'Mittwoch:': '9:00 - 19:00', 'Donnerstag:': '9:00 - 19:00', 'Freitag:': '9:00 - 19:00', 'Samstag:': '9:00 - 18:00'}",http://www.apothekenindex.at/apotheken/burgenland/neusiedl/1393-apotheke-im-fashion-outlet
27,Apotheke St. Martin,"Obere Hauptstraße 35
7122 Gols",+43-2173-2300,+43-2173-3420,info@apotheke-st-martin.at,"{'Montag:': '8:00 - 18:00', 'Dienstag:': '8:00 - 18:00', 'Mittwoch:': '8:00 - 18:00', 'Donnerstag:': '8:00 - 18:00', 'Freitag:': '8:00 - 18:00', 'Samstag:': '8:00 - 12:00'}",http://www.apothekenindex.at/apotheken/burgenland/neusiedl/46-apotheke-st-martin
28,Seewinkel-Apotheke,"Hauptstraße 17
7132 Frauenkirchen",+43-2172-2238,+43-2172-2238-20,info@seewinkel-apotheke.at,"{'Montag:': '8:00 - 12:30, 14:30 - 18:00', 'Dienstag:': '8:00 - 12:30, 14:30 - 18:00', 'Mittwoch:': '8:00 - 12:30, 14:30 - 18:00', 'Donnerstag:': '8:00 - 12:30, 14:30 - 18:00', 'Freitag:': '8:00 - 12:30, 14:30 - 18:00', 'Samstag:': '8:00 - 12:00'}",http://www.apothekenindex.at/apotheken/burgenland/neusiedl/19-seewinkel-apotheke
29,Elisabeth-Apotheke,"Obere Hauptstraße 24
7142 Illmitz",+43-2175-2711,+43-2175-2711-14,leitung@elisabeth-apotheke.com,"{'Montag:': '8:00 - 12:00, 14:00 - 18:00', 'Dienstag:': '8:00 - 12:00, 14:00 - 18:00', 'Mittwoch:': '8:00 - 12:00', 'Donnerstag:': '8:00 - 12:00, 14:00 - 18:00', 'Freitag:': '8:00 - 12:00, 14:00 - 18:00', 'Samstag:': '8:00 - 12:00'}",http://www.apothekenindex.at/apotheken/burgenland/neusiedl/48-elisabeth-apotheke
30,Schutzengel-Apotheke,"Bahnstraße 16
7151 Wallern im Burgenland",+43-2174-2255,+43-2174-2255-6,parkapo@gmx.at,"{'Montag:': '8:00 - 13:00, 15:00 - 18:00', 'Dienstag:': '8:00 - 13:00, 15:00 - 18:00', 'Mittwoch:': '8:00 - 13:00, 15:00 - 18:00', 'Donnerstag:': '8:00 - 12:00', 'Freitag:': '8:00 - 12:00, 15:00 - 18:00', 'Samstag:': '8:00 - 12:00'}",http://www.apothekenindex.at/apotheken/burgenland/neusiedl/38-schutzengel-apotheke
31,Apotheke Zum heiligen Geist,"Hauptstraße 15
7301 Deutschkreutz",+43-2613-80202,+43-2613-80202-17,apo.hl.geist@wellcom.at,"{'Montag:': '8:00 - 12:00, 14:00 - 18:00', 'Dienstag:': '8:00 - 12:00, 14:00 - 18:00', 'Mittwoch:': '8:00 - 12:00, 14:00 - 18:00', 'Donnerstag:': '8:00 - 12:00', 'Freitag:': '8:00 - 12:00, 14:00 - 18:00', 'Samstag:': '8:00 - 12:00'}",http://www.apothekenindex.at/apotheken/burgenland/oberpullendorf/14-apotheke-zum-heiligen-geist
32,Schloßapotheke Lackenbach,"Schloßgasse 29
7322 Lackenbach",+43-2619-8629,+43-2619-8629-99, ,"{'Montag:': '8:00 - 12:30, 15:00 - 18:00', 'Dienstag:': '8:00 - 12:30, 15:00 - 19:00', 'Mittwoch:': '8:00 - 12:00', 'Donnerstag:': '8:00 - 12:30, 15:00 - 18:00', 'Freitag:': '8:00 - 12:30, 15:00 - 19:00', 'Samstag:': '8:00 - 12:00'}",http://www.apothekenindex.at/apotheken/burgenland/oberpullendorf/50-schlossapotheke-lackenbach
33,Apotheke Zum schwarzen Adler,"Hauptstraße 54
7331 Weppersdorf",+43-2618-2892,+43-2618-2892-99, ,"{'Montag:': '8:00 - 12:00, 14:00 - 18:00', 'Dienstag:': '8:00 - 12:00, 14:00 - 18:00', 'Mittwoch:': '8:00 - 12:00, 14:00 - 18:00', 'Donnerstag:': '8:00 - 12:00, 14:00 - 18:00', 'Freitag:': '8:00 - 12:00, 14:00 - 18:00', 'Samstag:': '8:00 - 12:00'}",http://www.apothekenindex.at/apotheken/burgenland/oberpullendorf/25-apotheke-zum-schwarzen-adler
34,Apotheke Zum Mohren,"Schloßplatz 1
7350 Oberpullendorf",+43-2612-42339,+43-2612-42339-7,apotheke@apotheke-oberpullendorf.at,"{'Montag:': '8:00 - 18:00', 'Dienstag:': '8:00 - 18:00', 'Mittwoch:': '8:00 - 18:00', 'Donnerstag:': '8:00 - 18:00', 'Freitag:': '8:00 - 18:00', 'Samstag:': '8:00 - 12:00'}",http://www.apothekenindex.at/apotheken/burgenland/oberpullendorf/30-apotheke-zum-mohren
35,Apotheke Zur heiligen Margarete,"Hauptstraße 17
7442 Lockenhaus",+43-2616-2219,+43-2616-2219-15,viktor.schauer@aon.at,"{'Montag:': '8:00 - 12:00, 14:30 - 18:00', 'Dienstag:': '8:00 - 12:00, 14:30 - 18:00', 'Mittwoch:': '8:00 - 12:00, 14:30 - 18:00', 'Donnerstag:': '8:00 - 12:00, 14:30 - 18:00', 'Freitag:': '8:00 - 12:00, 14:30 - 18:00', 'Samstag:': '8:00 - 12:00'}",http://www.apothekenindex.at/apotheken/burgenland/oberpullendorf/26-apotheke-zur-heiligen-margarete
36,Kronen-Apotheke,"Schulgasse 5
7400 Oberwart",+43-3352-32371,+43-3352-32371-6,info@kronenapotheke.at,"{'Montag:': '7:30 - 18:30', 'Dienstag:': '7:30 - 18:30', 'Mittwoch:': '7:30 - 18:30', 'Donnerstag:': '7:30 - 18:30', 'Freitag:': '7:30 - 18:30', 'Samstag:': '7:30 - 13.00'}",http://www.apothekenindex.at/apotheken/burgenland/oberwart/31-kronen-apotheke
37,Bach - Apotheke Zum hl. Christophorus,"Grazer Straße 26
7400 Oberwart",+43-3352-33535,+43-3352-335356,bach-apotheke@aon.at,"{'Montag:': '7:30 - 18:30', 'Dienstag:': '7:30 - 18:30', 'Mittwoch:': '7:30 - 18:30', 'Donnerstag:': '7:30 - 18:30', 'Freitag:': '7:30 - 18:30', 'Samstag:': '7:30 - 13:00'}",http://www.apothekenindex.at/apotheken/burgenland/oberwart/47-bach-apotheke-zum-hl-christophorus
38,Apotheke Zum goldenen Kreuz,"Hauptstraße 328
7411 Markt Allhau",+43-3356-219,+43-3356-7454, ,"{'Montag:': '8:00 - 12:30, 14:30 - 18:30', 'Dienstag:': '8:00 - 12:30, 14:30 - 18:30', 'Mittwoch:': '8:00 - 12:30, 14:30 - 18:30', 'Donnerstag:': '8:00 - 12:30, 14:30 - 18:30', 'Freitag:': '8:00 - 12:30, 14:30 - 18:30', 'Samstag:': '8:00 - 12:00'}",http://www.apothekenindex.at/apotheken/burgenland/oberwart/43-apotheke-zum-goldenen-kreuz
39,Apotheke Zum Salvator,"Hauptplatz 12 - 13
7423 Pinkafeld",+43-3357-42348,+43-3357-42348-17,office@apotheke-pinkafeld.at,"{'Montag:': '8:00 - 12:15, 14:30 - 18:00', 'Dienstag:': '8:00 - 12:15, 14:30 - 18:00', 'Mittwoch:': '8:00 - 12:15, 14:30 - 18:00', 'Donnerstag:': '8:00 - 12:15, 14:30 - 18:00', 'Freitag:': '8:00 - 12:15, 14:30 - 18:00', 'Samstag:': '8:00 - 12:00'}",http://www.apothekenindex.at/apotheken/burgenland/oberwart/32-apotheke-zum-salvator
40,Filial-Apotheke,"Parkstrasse 7
7431 Bad Tatzmannsdorf",+43-3353-8275,+43-3353-7526-4, ,"{'Montag:': '9:00 - 12:00, 15:00 - 18:00', 'Dienstag:': '9:00 - 12:00, 15:00 - 18:00', 'Mittwoch:': '9:00 - 12:00', 'Donnerstag:': '9:00 - 12:00, 15:00 - 18:00', 'Freitag:': '9:00 - 12:00, 15:00 - 18:00', 'Samstag:': 'geschlossen'}",http://www.apothekenindex.at/apotheken/burgenland/oberwart/40-filial-apotheke
41,Apotheke Zur göttlichen Vorsehung,"Gottlieb-August-Wimmer Platz 6
7432 Oberschützen",+43-3353-7526,+43-3353-75264, ,"{'Montag:': '8:00 - 12:10, 15:00 - 18:00', 'Dienstag:': '8:00 - 12:10, 15:00 - 18:00', 'Mittwoch:': '8:00 - 12:10, 15:00 - 18:00', 'Donnerstag:': '8:00 - 12:10', 'Freitag:': '8:00 - 12:00, 15:00 - 18:00', 'Samstag:': '8:00 - 12:10'}",http://www.apothekenindex.at/apotheken/burgenland/oberwart/41-apotheke-zur-goettlichen-vorsehung
42,Engel-Apotheke,"Hauptplatz 2
7471 Rechnitz",+43-3363-79225,+43-3363-79225-30,engel@apotheke-rechnitz.at,"{'Montag:': '8:00 - 12:30, 14:30 - 18:00', 'Dienstag:': '8:00 - 12:30, 14:30 - 18:00', 'Mittwoch:': '8:00 - 12:30, 14:30 - 18:00', 'Donnerstag:': '8:00 - 12:30, 14:30 - 18:00', 'Freitag:': '8:00 - 12:30, 14:30 - 18:00', 'Samstag:': '8:00 - 12:30'}",http://www.apothekenindex.at/apotheken/burgenland/oberwart/44-engel-apotheke
43,Schutzengel-Apotheke,"Feldgasse 19
7503 Grosspetersdorf",+43-3362-2225,+43-3362-2225-4,schutzengel.apo@speed.at,"{'Montag:': '8:00 - 12:00, 14:00 - 18:00', 'Dienstag:': '8:00 - 12:00, 14:00 - 18:00', 'Mittwoch:': '8:00 - 12:00, 14:00 - 18:00', 'Donnerstag:': '8:00 - 12:00, 14:00 - 18:00', 'Freitag:': '8:00 - 12:00, 14:00 - 18:00', 'Samstag:': '8:00 - 12:00'}",http://www.apothekenindex.at/apotheken/burgenland/oberwart/20-schutzengel-apotheke
44,Sonnen-Apotheke,"Poststraße 16
9551 Bodensdorf",+43-4243-8350,+43-4243-8350-72,office@apotheke-bodensdorf.at,"{'Montag:': '8:00 - 18:30', 'Dienstag:': '8:00 - 18:30', 'Mittwoch:': '8:00 - 18:30', 'Donnerstag:': '8:00 - 18:30', 'Freitag:': '8:00 - 18:30', 'Samstag:': '8:00 - 12:00'}",http://www.apothekenindex.at/apotheken/kaernten/feldkirchen/979-sonnen-apotheke
45,Vitalis-Apotheke,"Flurweg 7
9560 Feldkirchen",+43-4276-29656,+43-4276-29656-30,office@vitalis-apotheke.at,"{'Montag:': '8:00 - 12:30, 14:30 - 18:00', 'Dienstag:': '8:00 - 12:30, 14:30 - 18:00', 'Mittwoch:': '8:00 - 12:30, 14:30 - 18:00', 'Donnerstag:': '8:00 - 12:30, 14:30 - 18:00', 'Freitag:': '8:00 - 12:30, 14:30 - 18:00', 'Samstag:': '8:00 - 12:00'}",http://www.apothekenindex.at/apotheken/kaernten/feldkirchen/998-vitalis-apotheke
46,Stadt-Apotheke,"10. Oktober-Straße 19
9560 Feldkirchen",+43-4276-3572,+43-4276-3572-16,office@diestadtapotheke.at,"{'Montag:': '8:00 - 18:30', 'Dienstag:': '8:00 - 18:30', 'Mittwoch:': '8:00 - 18:30', 'Donnerstag:': '8:00 - 18:30', 'Freitag:': '8:00 - 18:30', 'Samstag:': '8:00 - 12:00'}",http://www.apothekenindex.at/apotheken/kaernten/feldkirchen/976-stadt-apotheke
47,Salvator-Apotheke,"Hauptplatz 3
9560 Feldkirchen",+43-4276-2110,+43-4276-7814,salvatorapotheke@gaskin.at,"{'Montag:': '8:00 - 12:30, 14:30 - 18:00', 'Dienstag:': '8:00 - 12:30, 14:30 - 18:00', 'Mittwoch:': '8:00 - 12:30, 14:30 - 18:00', 'Donnerstag:': '8:00 - 12:30, 14:30 - 18:00', 'Freitag:': '8:00 - 12:30, 14:30 - 18:00', 'Samstag:': '8:00 - 12:00'}",http://www.apothekenindex.at/apotheken/kaernten/feldkirchen/919-salvator-apotheke
48,Gailtal Apotheke,"Gösseringlände 7
9620 Hermagor",+43-4282-25381,+43-4282-25381-4,gailtalapotheke@aon.at,"{'Montag:': '8:00 - 18:00', 'Dienstag:': '8:00 - 18:00', 'Mittwoch:': '8:00 - 18:00', 'Donnerstag:': '8:00 - 18:00', 'Freitag:': '8:00 - 18:00', 'Samstag:': '8:00 - 12:00'}",http://www.apothekenindex.at/apotheken/kaernten/hermagor/995-gailtal-apotheke
49,Adler-Apotheke,"Hauptstraße 4
9620 Hermagor",+43-4282-2066,+43-4282-2066-4,adlerapo-hermagor@aon.at,"{'Montag:': '8:00 - 18:00', 'Dienstag:': '8:00 - 18:00', 'Mittwoch:': '8:00 - 18:00', 'Donnerstag:': '8:00 - 18:00', 'Freitag:': '8:00 - 18:00', 'Samstag:': '8:00 - 12:00'}",http://www.apothekenindex.at/apotheken/kaernten/hermagor/924-adler-apotheke
50,Apotheke Zum heiligen Josef,"Kötschach 425
9640 Kötschach",+43-4715-217,+43-4715-217-10,apotheke@koetschach.at,"{'Montag:': '8:00 - 12:00, 14:30 - 18:00', 'Dienstag:': '8:00 - 12:00, 14:30 - 18:00', 'Mittwoch:': '8:00 - 12:00, 14:30 - 18:00', 'Donnerstag:': '8:00 - 12:00, 14:30 - 18:00', 'Freitag:': '8:00 - 12:00, 14:30 - 18:00', 'Samstag:': '8:00 - 12:00'}",http://www.apothekenindex.at/apotheken/kaernten/hermagor/932-apotheke-zum-heiligen-josef
51,Moosburg-Apotheke,"Feldkirchner Straße 2
9062 Moosburg",+43-4272-82085,+43-4272-82085-5,office@apotheke-moosburg.at,"{'Montag:': '8:00 - 12:30, 14:30 - 18:00', 'Dienstag:': '8:00 - 12:30, 14:30 - 18:00', 'Mittwoch:': '8:00 - 12:30, 14:30 - 18:00', 'Donnerstag:': '8:00 - 12:30, 14:30 - 18:00', 'Freitag:': '8:00 - 12:30, 14:30 - 18:00', 'Samstag:': '8:00 - 12:00'}",http://www.apothekenindex.at/apotheken/kaernten/klagenfurt-land/1002-moosburg-apotheke
52,Virunum Apotheke,"Bahnweg 1c
9063 Maria Saal",+43-4223-20090,+43-4223-20090-20,virunum@apotheke-mariasaal.at,"{'Montag:': '8:00 - 18:00', 'Dienstag:': '8:00 - 18:00', 'Mittwoch:': '8:00 - 18:00', 'Donnerstag:': '8:00 - 18:00', 'Freitag:': '8:00 - 18:00', 'Samstag:': '8:00 - 12:00'}",http://www.apothekenindex.at/apotheken/kaernten/klagenfurt-land/1371-virunum-apotheke
53,Apotheke Ebenthal,"St. Jakober Straße 1
9065 Ebenthal",+43-463-318610,+43-463-318611,office@apo-ebenthal.at,"{'Montag:': '8:00 - 18:00', 'Dienstag:': '8:00 - 18:00', 'Mittwoch:': '8:00 - 18:00', 'Donnerstag:': '8:00 - 18:00', 'Freitag:': '8:00 - 18:00', 'Samstag:': '8:00 - 12:00'}",http://www.apothekenindex.at/apotheken/kaernten/klagenfurt-land/11-apotheke-ebenthal
54,Rittersporn Apotheke,"Landesstraße 1-3
9130 Poggersdorf",+43-4224-34000,,office@rittersporn-apotheke.at,"{'Montag:': '8:00 - 13:00, 14:00 - 18:00', 'Dienstag:': '8:00 - 13:00, 14:00 - 18:00', 'Mittwoch:': '8:00 - 13:00, 14:00 - 18:00', 'Donnerstag:': '8:00 - 13:00, 14:00 - 18:00', 'Freitag:': '8:00 - 13:00, 14:00 - 18:00', 'Samstag:': 'geschlossen'}",http://www.apothekenindex.at/apotheken/kaernten/klagenfurt-land/1416-rittersporn-apotheke
55,Kornblumen Apotheke,"10. Oktober Strasse 5
9131 Grafenstein",+43-720-349542,+43-720-345609,office@kornblumen-apotheke.at,"{'Montag:': '8:00 - 18:00', 'Dienstag:': '8:00 - 18:00', 'Mittwoch:': '8:00 - 18:00', 'Donnerstag:': '8:00 - 18:00', 'Freitag:': '8:00 - 18:00', 'Samstag:': '8:00 - 12:00'}",http://www.apothekenindex.at/apotheken/kaernten/klagenfurt-land/1372-kornblumen-apotheke
56,Adler-Apotheke,"Hauptplatz 16
9170 Ferlach",+43-4227-2225,+43-4227-2572,adler@apothekeferlach.at,"{'Montag:': '8:00 - 12:30, 14:30 - 18:00', 'Dienstag:': '8:00 - 12:30, 14:30 - 18:00', 'Mittwoch:': '8:00 - 12:30, 14:30 - 18:00', 'Donnerstag:': '8:00 - 12:30, 14:30 - 18:00', 'Freitag:': '8:00 - 12:30, 14:30 - 18:00', 'Samstag:': '8:00 - 12:00'}",http://www.apothekenindex.at/apotheken/kaernten/klagenfurt-land/920-adler-apotheke
57,Karawanken-Apotheke,"Klagenfurter Straße 44
9170 Ferlach",+43-4227-28600,+43-4227-28600-20,office@karawanken-apotheke.at,"{'Montag:': '8:00 - 12:30, 14:30 - 18:00', 'Dienstag:': '8:00 - 12:30, 14:30 - 18:00', 'Mittwoch:': '8:00 - 12:30, 14:30 - 18:00', 'Donnerstag:': '8:00 - 12:30, 14:30 - 18:00', 'Freitag:': '8:00 - 12:30, 14:30 - 18:00', 'Samstag:': '8:00 - 12:00'}",http://www.apothekenindex.at/apotheken/kaernten/klagenfurt-land/1299-karawanken-apotheke
58,See-Apotheke,"Hauptstraße 162
9201 Krumpendorf",+43-4229-2634,+43-4229-20213, ,"{'Montag:': '8:00 - 12:30, 14:30 - 18:30', 'Dienstag:': '8:00 - 12:30, 14:30 - 18:30', 'Mittwoch:': '8:00 - 12:30, 14:30 - 18:30', 'Donnerstag:': '8:00 - 12:30, 14:30 - 18:30', 'Freitag:': '8:00 - 12:30, 14:30 - 18:30', 'Samstag:': '8:00 - 12:30'}",http://www.apothekenindex.at/apotheken/kaernten/klagenfurt-land/966-see-apotheke
59,St. Anna-Apotheke,"Hauptstraße 210
9210 Pörtschach",+43-4272-2214,+43-4272-2214-20,info@apo9210.at,"{'Montag:': '8:00 - 12:30, 14:30 - 18:00', 'Dienstag:': '8:00 - 12:30, 14:30 - 18:00', 'Mittwoch:': '8:00 - 12:30, 14:30 - 18:00', 'Donnerstag:': '8:00 - 12:30, 14:30 - 18:00', 'Freitag:': '8:00 - 12:30, 14:30 - 18:00', 'Samstag:': '8:00 - 12:00'}",http://www.apothekenindex.at/apotheken/kaernten/klagenfurt-land/959-st-anna-apotheke
60,Die Apotheke Dr. Fellner,"Siebenhügelstraße 15
9020 Klagenfurt",+43-463-204670,+43-463-204670-22,fellner@apotheke-waidmannsdorf.at,"{'Montag:': '8:00 - 12:30, 14:30 - 18:00', 'Dienstag:': '8:00 - 12:30, 14:30 - 18:00', 'Mittwoch:': '8:00 - 12:30, 14:30 - 18:00', 'Donnerstag:': '8:00 - 12:30, 14:30 - 18:00', 'Freitag:': '8:00 - 12:30, 14:30 - 18:00', 'Samstag:': '8:00 - 12:00'}",http://www.apothekenindex.at/apotheken/kaernten/klagenfurt-stadt/993-die-apotheke-dr-fellner
61,Löwen-Apotheke,"Villacher Straße 8
9020 Klagenfurt",+43-463-56156,+43-463-56156-16,info@loewenapotheke-klagenfurt.at,"{'Montag:': '8:00 - 12:30, 14:30 - 18:00', 'Dienstag:': '8:00 - 12:30, 14:30 - 18:00', 'Mittwoch:': '8:00 - 12:30, 14:30 - 18:00', 'Donnerstag:': '8:00 - 12:30, 14:30 - 18:00', 'Freitag:': '8:00 - 12:30, 14:30 - 18:00', 'Samstag:': '8:00 - 12:00'}",http://www.apothekenindex.at/apotheken/kaernten/klagenfurt-stadt/931-loewen-apotheke
62,Bären-Apotheke,"Rosentaler Straße 73
9020 Klagenfurt",+43-463-22225,+43-463-22225-17,baerenapotheke@hotmail.com,"{'Montag:': '8:00 - 12:30, 14:30 - 18:00 ', 'Dienstag:': '8:00 - 12:30, 14:30 - 18:00 ', 'Mittwoch:': '8:00 - 12:30, 14:30 - 18:00 ', 'Donnerstag:': '8:00 - 12:30, 14:30 - 18:00 ', 'Freitag:': '8:00 - 12:30, 14:30 - 18:00 ', 'Samstag:': '8:00 - 12:00 '}",http://www.apothekenindex.at/apotheken/kaernten/klagenfurt-stadt/968-baeren-apotheke
63,Lendorf-Apotheke,"Feldkirchnerstraße 219
9020 Klagenfurt",+43-463-40300,+43-463-40300-20,office@lendorf-apotheke.at,"{'Montag:': '8:00 - 18:00', 'Dienstag:': '8:00 - 18:00', 'Mittwoch:': '8:00 - 18:00', 'Donnerstag:': '8:00 - 18:00', 'Freitag:': '8:00 - 18:00', 'Samstag:': '8:00 - 12:00'}",http://www.apothekenindex.at/apotheken/kaernten/klagenfurt-stadt/10-lendorf-apotheke
64,Feschnig Apotheke,"Paracelsusgasse 16
9020 Klagenfurt",+43-463-430010,+43-463-430010-15,info@feschnig-apotheke.at,"{'Montag:': '8:00 - 12:30, 14:30 - 18:00', 'Dienstag:': '8:00 - 12:30, 14:30 - 18:00', 'Mittwoch:': '8:00 - 12:30, 14:30 - 18:00', 'Donnerstag:': '8:00 - 12:30, 14:30 - 18:00', 'Freitag:': '8:00 - 12:30, 14:30 - 18:00', 'Samstag:': '8:00 - 12:00'}",http://www.apothekenindex.at/apotheken/kaernten/klagenfurt-stadt/990-feschnig-apotheke
65,Engel-Apotheke,"Bahnhofstraße 3
9020 Klagenfurt",+43-463-54916,+43-463-54916-77,office@engel-apotheke.at,"{'Montag:': '8:00 - 18:00', 'Dienstag:': '8:00 - 18:00', 'Mittwoch:': '8:00 - 18:00', 'Donnerstag:': '8:00 - 18:00', 'Freitag:': '8:00 - 18:00', 'Samstag:': '8:00 - 12:00'}",http://www.apothekenindex.at/apotheken/kaernten/klagenfurt-stadt/930-engel-apotheke
66,Ring-Apotheke,"Viktringer Ring 1a
9020 Klagenfurt",+43-463-31752,+43-463-31752-4,ring-apo@aon.at,"{'Montag:': '8:00 - 18:00', 'Dienstag:': '8:00 - 18:00', 'Mittwoch:': '8:00 - 18:00', 'Donnerstag:': '8:00 - 18:00', 'Freitag:': '8:00 - 18:00', 'Samstag:': '8:00 - 12:00'}",http://www.apothekenindex.at/apotheken/kaernten/klagenfurt-stadt/965-ring-apotheke
67,Sankt Georg Apotheke,"St. Veiter Straße 34
9020 Klagenfurt",+43-463-594900,+43-463-594900-4,st.georg.apo@utanet.at,"{'Montag:': '8:00 - 18:00', 'Dienstag:': '8:00 - 18:00', 'Mittwoch:': '8:00 - 18:00', 'Donnerstag:': '8:00 - 18:00', 'Freitag:': '8:00 - 18:00', 'Samstag:': '8:00 - 12:00'}",http://www.apothekenindex.at/apotheken/kaernten/klagenfurt-stadt/989-sankt-georg-apotheke
68,Apotheke vorm Lindwurm,"Neuer Platz 9
9020 Klagenfurt",+43-463-512575,+43-463-515602,service@apothekevormlindwurm.at,"{'Montag:': '8:00 - 18:00', 'Dienstag:': '8:00 - 18:00', 'Mittwoch:': '8:00 - 18:00', 'Donnerstag:': '8:00 - 18:00', 'Freitag:': '8:00 - 18:00', 'Samstag:': '8:00 - 12:00'}",http://www.apothekenindex.at/apotheken/kaernten/klagenfurt-stadt/929-apotheke-vorm-lindwurm
69,Bernstein Apotheke,"Rosentaler Strasse 224
9020 Klagenfurt",+43-463-281470,+43-463-281470-4,office@bernsteinapotheke.at,"{'Montag:': '8:00 - 18:00', 'Dienstag:': '8:00 - 18:00', 'Mittwoch:': '8:00 - 18:00', 'Donnerstag:': '8:00 - 18:00', 'Freitag:': '8:00 - 18:00', 'Samstag:': '8:00 - 12:00'}",http://www.apothekenindex.at/apotheken/kaernten/klagenfurt-stadt/1384-bernstein-apotheke
70,Paracelsus-Apotheke,"10.-Oktober-Straße 14
9020 Klagenfurt",+43-463-54138,+43-463-54138-4,office@paracelsusapo.at,"{'Montag:': '8:00 - 18:00', 'Dienstag:': '8:00 - 18:00', 'Mittwoch:': '8:00 - 18:00', 'Donnerstag:': '8:00 - 18:00', 'Freitag:': '8:00 - 18:00', 'Samstag:': '8:00 - 12:00'}",http://www.apothekenindex.at/apotheken/kaernten/klagenfurt-stadt/963-paracelsus-apotheke
71,Uni-Apotheke,"Universitätsstraße 23
9020 Klagenfurt",+43-463-210349,+43-463-210349-4,office@uni-apotheke.at,"{'Montag:': '8:00 - 18:00', 'Dienstag:': '8:00 - 18:00', 'Mittwoch:': '8:00 - 18:00', 'Donnerstag:': '8:00 - 18:00', 'Freitag:': '8:00 - 18:00', 'Samstag:': '8:00 - 12:00'}",http://www.apothekenindex.at/apotheken/kaernten/klagenfurt-stadt/987-uni-apotheke
72,team santé obelisk apotheke,"Völkermarkter Ring 14
9020 Klagenfurt",+43-463-513250,+43-463-513250-4,obeliskapotheke9020@teamsante.at,"{'Montag:': '8:00 - 18:00', 'Dienstag:': '8:00 - 18:00', 'Mittwoch:': '8:00 - 18:00', 'Donnerstag:': '8:00 - 18:00', 'Freitag:': '8:00 - 18:00', 'Samstag:': '8:00 - 12:00'}",http://www.apothekenindex.at/apotheken/kaernten/klagenfurt-stadt/928-team-sant-obelisk-apotheke
73,Südring - Apotheke,"Ebentaler Strasse 149
9020 Klagenfurt",+43-463-381368,+43-463-381368-20,office@suedring-apotheke.at,"{'Montag:': '8:00 - 18:00', 'Dienstag:': '8:00 - 18:00', 'Mittwoch:': '8:00 - 18:00', 'Donnerstag:': '8:00 - 18:00', 'Freitag:': '8:00 - 18:00', 'Samstag:': '8:00 - 12:00'}",http://www.apothekenindex.at/apotheken/kaernten/klagenfurt-stadt/1361-suedring-apotheke
74,St. Peter-Apotheke,"Völkermarkter Straße 134
9020 Klagenfurt",+43-463-31128,+43-463-31128-4,office@stpeterapotheke.at,"{'Montag:': '8:00 - 18:00', 'Dienstag:': '8:00 - 18:00', 'Mittwoch:': '8:00 - 18:00', 'Donnerstag:': '8:00 - 18:00', 'Freitag:': '8:00 - 18:00', 'Samstag:': '8:00 - 12:00'}",http://www.apothekenindex.at/apotheken/kaernten/klagenfurt-stadt/961-st-peter-apotheke
75,Noreia-Apotheke,"Pischeldorfer Straße 105
9020 Klagenfurt",+43-463-45893,+43-463-45893-20,office@noreia-apotheke.at,"{'Montag:': '8:00 - 12:30, 14:30 - 18:00', 'Dienstag:': '8:00 - 12:30, 14:30 - 18:00', 'Mittwoch:': '8:00 - 12:30, 14:30 - 18:00', 'Donnerstag:': '8:00 - 12:30, 14:30 - 18:00', 'Freitag:': '8:00 - 12:30, 14:30 - 18:00', 'Samstag:': '8:00 - 12:00'}",http://www.apothekenindex.at/apotheken/kaernten/klagenfurt-stadt/983-noreia-apotheke
76,Hirschen-Apotheke,"St. Ruprechter Straße 22
9020 Klagenfurt",+43-463-55070,+43-463-55070-70,hirschenapotheke@aon.at,"{'Montag:': '8:00 - 18:00', 'Dienstag:': '8:00 - 18:00', 'Mittwoch:': '8:00 - 18:00', 'Donnerstag:': '8:00 - 18:00', 'Freitag:': '8:00 - 18:00', 'Samstag:': '8:00 - 12:00'}",http://www.apothekenindex.at/apotheken/kaernten/klagenfurt-stadt/927-hirschen-apotheke
77,Vitalis Apotheke,"Durchlaßstraße 4
9020 Klagenfurt",+43-463-210999,+43-463-210999-4,office@vitalis-apotheke.or.at,"{'Montag:': '8:00 - 18:00', 'Dienstag:': '8:00 - 18:00', 'Mittwoch:': '8:00 - 18:00', 'Donnerstag:': '8:00 - 18:00', 'Freitag:': '8:00 - 18:00', 'Samstag:': '8:00 - 18:00'}",http://www.apothekenindex.at/apotheken/kaernten/klagenfurt-stadt/1333-vitalis-apotheke
78,Obir-Apotheke,"Baumbachplatz 21
9020 Klagenfurt",+43-463-23225,+43-463-23225-6,obir-apotheke@chello.at,"{'Montag:': '8:00 - 12:30, 14:30 - 18:00', 'Dienstag:': '8:00 - 12:30, 14:30 - 18:00', 'Mittwoch:': '8:00 - 12:30, 14:30 - 18:00', 'Donnerstag:': '8:00 - 12:30, 14:30 - 18:00', 'Freitag:': '8:00 - 12:30, 14:30 - 18:00', 'Samstag:': '8:00 - 12:00'}",http://www.apothekenindex.at/apotheken/kaernten/klagenfurt-stadt/958-obir-apotheke
79,Fischl-Apotheke,"Ebentaler Straße 59
9020 Klagenfurt",+43-463-33244,+43-463-33244-6,office@fischlapotheke.at,"{'Montag:': '8:00 - 18:00', 'Dienstag:': '8:00 - 18:00', 'Mittwoch:': '8:00 - 18:00', 'Donnerstag:': '8:00 - 18:00', 'Freitag:': '8:00 - 18:00', 'Samstag:': '8:00 - 12:00'}",http://www.apothekenindex.at/apotheken/kaernten/klagenfurt-stadt/977-fischl-apotheke
80,Beneficium Kreuzbergl-Apotheke,"Radetzkystraße 20
9020 Klagenfurt",+43-463-511507,+43-463-511507-6,beneficium@kreuzbergl-apotheke.at,"{'Montag:': '8:00 - 12:30, 14:30 - 18:00', 'Dienstag:': '8:00 - 12:30, 14:30 - 18:00', 'Mittwoch:': '8:00 - 12:30, 14:30 - 18:00', 'Donnerstag:': '8:00 - 12:30, 14:30 - 18:00', 'Freitag:': '8:00 - 12:30, 14:30 - 18:00', 'Samstag:': '8:00 - 12:00'}",http://www.apothekenindex.at/apotheken/kaernten/klagenfurt-stadt/926-beneficium-kreuzbergl-apotheke
81,Sonnenapotheke,"Pischeldorfer Straße 187
9020 Klagenfurt",+43-463-908080,+43-463-908080-4,office@sonnenapotheke-lillak.at,"{'Montag:': '8:00 - 18:00', 'Dienstag:': '8:00 - 18:00', 'Mittwoch:': '8:00 - 18:00', 'Donnerstag:': '8:00 - 18:00', 'Freitag:': '8:00 - 18:00', 'Samstag:': '8:00 - 12:00'}",http://www.apothekenindex.at/apotheken/kaernten/klagenfurt-stadt/996-sonnenapotheke
82,Nord-Apotheke,"St. Veiter Straße 109
9020 Klagenfurt",+43-463-41771,+43-463-41771-4,nord-apo@aon.at,"{'Montag:': '8:00 - 18:00', 'Dienstag:': '8:00 - 18:00', 'Mittwoch:': '8:00 - 18:00', 'Donnerstag:': '8:00 - 18:00', 'Freitag:': '8:00 - 18:00', 'Samstag:': '8:00 - 12:00'}",http://www.apothekenindex.at/apotheken/kaernten/klagenfurt-stadt/956-nord-apotheke
83,Landschafts-Apotheke,"Alter Platz 32
9020 Klagenfurt",+43-463-55077,+43-463-512750,alter.platz@aon.at,"{'Montag:': '8:00 - 18:00', 'Dienstag:': '8:00 - 18:00', 'Mittwoch:': '8:00 - 18:00', 'Donnerstag:': '8:00 - 18:00', 'Freitag:': '8:00 - 18:00', 'Samstag:': '8:00 - 12:00'}",http://www.apothekenindex.at/apotheken/kaernten/klagenfurt-stadt/925-landschafts-apotheke
84,Apotheke Viktring,"Viktringer Platz 13
9073 Klagenfurt-Viktring",+43-463-281131,+43-463-281131-4,apo.viktring@aon.at,"{'Montag:': '8:00 - 12:30, 14:30 - 18:00', 'Dienstag:': '8:00 - 12:30, 14:30 - 18:00', 'Mittwoch:': '8:00 - 12:30, 14:30 - 18:00', 'Donnerstag:': '8:00 - 12:30, 14:30 - 18:00', 'Freitag:': '8:00 - 12:30, 14:30 - 18:00', 'Samstag:': '8:00 - 12:00'}",http://www.apothekenindex.at/apotheken/kaernten/klagenfurt-stadt/972-apotheke-viktring
85,Paracelsus-Apotheke,"Paracelsusstraße 2
9545 Radenthein",+43-4246-2055,+43-4246-2055-16,info@apotheke-radenthein.at,"{'Montag:': '8:00 - 12:30, 14:30 - 18:00', 'Dienstag:': '8:00 - 12:30, 14:30 - 18:00', 'Mittwoch:': '8:00 - 12:30, 14:30 - 18:00', 'Donnerstag:': '8:00 - 12:30, 14:30 - 18:00', 'Freitag:': '8:00 - 12:30, 14:30 - 18:00', 'Samstag:': '8:00 - 12:00'}",http://www.apothekenindex.at/apotheken/kaernten/spittal-an-der-drau/937-paracelsus-apotheke
86,Kur-Apotheke,"Dorfstraße 70
9546 Bad Kleinkirchheim",+43-4240-8206,+43-4240-8206-20,apo.kleinkirchheim@speed.at,"{'Montag:': '8:30 - 12:30, 14:30 - 18:00', 'Dienstag:': '8:30 - 12:30, 14:30 - 18:00', 'Mittwoch:': '8:30 - 12:30, 14:30 - 18:00', 'Donnerstag:': '8:30 - 12:30, 14:30 - 18:00', 'Freitag:': '8:30 - 12:30, 14:30 - 18:00', 'Samstag:': '8:30 - 12:30'}",http://www.apothekenindex.at/apotheken/kaernten/spittal-an-der-drau/973-kur-apotheke
87,Laurentius-Apotheke,"Bahnhofstraße 63
9761 Greifenburg",+43-4712-288,+43-4712-288-16,info@laurentius-apotheke.at,"{'Montag:': '7:30 - 12:30, 15:00 - 18:00', 'Dienstag:': '7:30 - 12:30, 15:00 - 18:00', 'Mittwoch:': '7:30 - 12:30, 15:00 - 18:00', 'Donnerstag:': '7:30 - 12:30, 15:00 - 18:00', 'Freitag:': '7:30 - 12:30, 15:00 - 18:00', 'Samstag:': '8:00 - 12:00'}",http://www.apothekenindex.at/apotheken/kaernten/spittal-an-der-drau/923-laurentius-apotheke
88,Malchus-Apotheke,"Villacher Straße 15
9800 Spittal an der Drau",+43-4762-4394,+43-4762-4394-16,office@malchus-apotheke.at,"{'Montag:': '8:00 - 18:00', 'Dienstag:': '8:00 - 18:00', 'Mittwoch:': '8:00 - 18:00', 'Donnerstag:': '8:00 - 18:00', 'Freitag:': '8:00 - 18:00', 'Samstag:': '8:00 - 12:00'}",http://www.apothekenindex.at/apotheken/kaernten/spittal-an-der-drau/969-malchus-apotheke
89,Hubertus-Apotheke,"Tiroler Straße 14
9800 Spittal an der Drau",+43-4762-2333,+43-4762-37260,office@hubertus-apotheke.at,"{'Montag:': '8:00 - 18:00', 'Dienstag:': '8:00 - 18:00', 'Mittwoch:': '8:00 - 18:00', 'Donnerstag:': '8:00 - 18:00', 'Freitag:': '8:00 - 18:00', 'Samstag:': '8:00 - 12:00'}",http://www.apothekenindex.at/apotheken/kaernten/spittal-an-der-drau/945-hubertus-apotheke
90,Porcia Apotheke,"Hauptplatz 4
9800 Spittal an der Drau",+43-4762-5607,+43-4762-5607-23,office@porcia-apotheke.at,"{'Montag:': '8:00 - 18:00', 'Dienstag:': '8:00 - 18:00', 'Mittwoch:': '8:00 - 18:00', 'Donnerstag:': '8:00 - 18:00', 'Freitag:': '8:00 - 18:00', 'Samstag:': '8:00 - 12:00'}",http://www.apothekenindex.at/apotheken/kaernten/spittal-an-der-drau/944-porcia-apotheke
91,Tauern Apotheke,"Villacher Straße 136
9800 Spittal an der Drau",+43-4762-36188,+43-4762-36188-3,office@tauern-apotheke.or.at,"{'Montag:': '8:00 - 18:00', 'Dienstag:': '8:00 - 18:00', 'Mittwoch:': '8:00 - 18:00', 'Donnerstag:': '8:00 - 18:00', 'Freitag:': '8:00 - 18:00', 'Samstag:': '8:00 - 12:00'}",http://www.apothekenindex.at/apotheken/kaernten/spittal-an-der-drau/1394-tauern-apotheke
92,Teurnia-Apotheke,"Mölltalstraße 37
9813 Möllbrücke",+43-4769-2234,+43-4769-2234-18,teurnia-apotheke@aon.at,"{'Montag:': '8:00 - 12:30, 15:00 - 18:30', 'Dienstag:': '8:00 - 12:30, 15:00 - 18:30', 'Mittwoch:': '8:00 - 12:30, 15:00 - 18:30', 'Donnerstag:': '8:00 - 12:30, 15:00 - 18:30', 'Freitag:': '8:00 - 12:30, 15:00 - 18:30', 'Samstag:': '8:00 - 12:30'}",http://www.apothekenindex.at/apotheken/kaernten/spittal-an-der-drau/978-teurnia-apotheke
93,Adler-Apotheke,"Hauptplatz 53
9821 Obervellach",+43-4782-2244,+43-4782-2244-44,office@adler-apo.at,"{'Montag:': '8:30 - 13:00, 15:00 - 18:00', 'Dienstag:': '8:30 - 13:00, 15:00 - 18:00', 'Mittwoch:': '8:30 - 13:00, 15:00 - 18:00', 'Donnerstag:': '8:30 - 13:00, 15:00 - 18:00', 'Freitag:': '8:30 - 13:00, 15:00 - 18:00', 'Samstag:': '8:30 - 12:00'}",http://www.apothekenindex.at/apotheken/kaernten/spittal-an-der-drau/934-adler-apotheke
94,Heiligen-Geist-Apotheke,"Hauptplatz 9
9853 Gmünd",+43-4732-2135,+43-4732-2135-20,apotheke.gmuend@aon.at,"{'Montag:': '7:45 - 13:00, 15:00 - 18:00', 'Dienstag:': '7:45 - 13:00, 15:00 - 18:00', 'Mittwoch:': '7:45 - 13:00, 15:00 - 18:00', 'Donnerstag:': '7:45 - 13:00, 15:00 - 18:00', 'Freitag:': '7:45 - 13:00, 15:00 - 18:00', 'Samstag:': '7:45 - 12:00'}",http://www.apothekenindex.at/apotheken/kaernten/spittal-an-der-drau/922-heiligen-geist-apotheke
95,Jakobus-Apotheke,"Hauptstraße 50
9871 Seeboden",+43-4762-81602,+43-4762-81602-4,info@jakobus.at,"{'Montag:': '8:00 - 18:00', 'Dienstag:': '8:00 - 18:00', 'Mittwoch:': '8:00 - 18:00', 'Donnerstag:': '8:00 - 18:00', 'Freitag:': '8:00 - 18:00', 'Samstag:': '8:00 - 13:00'}",http://www.apothekenindex.at/apotheken/kaernten/spittal-an-der-drau/981-jakobus-apotheke
96,See-Apotheke,"Georgsritter Platz 156
9872 Millstatt",+43-4766-2130,+43-4766-2130-30,office@seeapotheke-millstatt.at,"{'Montag:': '8:00 - 18:30', 'Dienstag:': '8:00 - 18:30', 'Mittwoch:': '8:00 - 18:30', 'Donnerstag:': '8:00 - 18:30', 'Freitag:': '8:00 - 18:30', 'Samstag:': '8:00 - 18:30', 'Sonntag:': '8:00 - 12:00'}",http://www.apothekenindex.at/apotheken/kaernten/spittal-an-der-drau/933-see-apotheke
97,Filialapotheke Döbriach,"Seestrasse 3
9873 Döbriach",+43-664-5826999,, ,"{'Montag:': '9:00 - 13:00, 16:00 - 19:00', 'Dienstag:': '9:00 - 13:00, 16:00 - 19:00', 'Mittwoch:': '9:00 - 13:00, 16:00 - 19:00', 'Donnerstag:': '9:00 - 13:00, 16:00 - 19:00', 'Freitag:': '9:00 - 13:00, 16:00 - 19:00', 'Samstag:': '9:00 - 13:00, 16:00 - 19:00'}",http://www.apothekenindex.at/apotheken/kaernten/spittal-an-der-drau/938-filialapotheke-doebriach
98,Apotheke Wayerfeld,"Völkermarkter Straße 40
9300 St. Veit/Glan",+43-4212-39921,+43-4212-39921-20,office@apotheke.wayerfeld.at,"{'Montag:': '8:00 - 18:00', 'Dienstag:': '8:00 - 18:00', 'Mittwoch:': '8:00 - 18:00', 'Donnerstag:': '8:00 - 18:00', 'Freitag:': '8:00 - 18:00', 'Samstag:': '8:00 - 12:00'}",http://www.apothekenindex.at/apotheken/kaernten/sankt-veit-an-der-glan/991-apotheke-wayerfeld
99,Bären-Apotheke,"Unterer Platz 22
9300 St. Veit/Glan",+43-4212-2158,+43-4212-2158-18,info@baeren-apotheke.at,"{'Montag:': '8:00 - 18:00 ', 'Dienstag:': '8:00 - 18:00 ', 'Mittwoch:': '8:00 - 18:00 ', 'Donnerstag:': '8:00 - 18:00 ', 'Freitag:': '8:00 - 18:00 ', 'Samstag:': '8:00 - 12:00 '}",http://www.apothekenindex.at/apotheken/kaernten/sankt-veit-an-der-glan/943-baeren-apotheke
100,Vitus-Apotheke,"Hauptplatz 2
9300 St. Veit/Glan",+43-4212-2127,+43-4212-2127-4,vitus.apotheke@aon.at,"{'Montag:': '8:00 - 18:00', 'Dienstag:': '8:00 - 18:00', 'Mittwoch:': '8:00 - 18:00', 'Donnerstag:': '8:00 - 18:00', 'Freitag:': '8:00 - 18:00', 'Samstag:': '8:00 - 12:00'}",http://www.apothekenindex.at/apotheken/kaernten/sankt-veit-an-der-glan/942-vitus-apotheke
101,Salvator-Apotheke,"Kreuzstraße 10
9330 Althofen",+43-4262-2123,+43-4262-2123-12,office@apo-althofen.at,"{'Montag:': '8:00 - 18:00', 'Dienstag:': '8:00 - 18:00', 'Mittwoch:': '8:00 - 18:00', 'Donnerstag:': '8:00 - 18:00', 'Freitag:': '8:00 - 18:00', 'Samstag:': '8:00 - 12:00'}",http://www.apothekenindex.at/apotheken/kaernten/sankt-veit-an-der-glan/916-salvator-apotheke
102,Krappfeld Apotheke,"Industriepark Süd B 4
9330 Althofen",+43-4262-27927,+43-4262-27927-22,office@krappfeld-apotheke.at,"{'Montag:': '8:00 - 18:00', 'Dienstag:': '8:00 - 18:00', 'Mittwoch:': '8:00 - 18:00', 'Donnerstag:': '8:00 - 18:00', 'Freitag:': '8:00 - 18:00', 'Samstag:': '8:00 - 12:00'}",http://www.apothekenindex.at/apotheken/kaernten/sankt-veit-an-der-glan/1402-krappfeld-apotheke
103,Engel-Apotheke,"Hauptstraße 33
9341 Straßburg",+43-4266-3141,+43-4266-3141-4,apothekestrassburg@gmx.at,"{'Montag:': '8:00 - 12:30, 15:00 - 18:00', 'Dienstag:': '8:00 - 12:30, 15:00 - 18:00', 'Mittwoch:': '8:00 - 12:30, 15:00 - 18:00', 'Donnerstag:': '8:00 - 12:30, 15:00 - 18:00', 'Freitag:': '8:00 - 12:30, 15:00 - 18:00', 'Samstag:': '8:00 - 12:00'}",http://www.apothekenindex.at/apotheken/kaernten/sankt-veit-an-der-glan/946-engel-apotheke
104,Weitensfeld Apotheke,"Gurktal-Straße 10
9344 Weitensfeld",+43-4265-71172,+43-4265-71172-4,office@weitensfeld-apotheke.at,"{'Montag:': '8:00 - 12:30, 15:00 - 18:00', 'Dienstag:': '8:00 - 12:30, 15:00 - 18:00', 'Mittwoch:': '8:00 - 12:30, 15:00 - 18:00', 'Donnerstag:': '8:00 - 12:30, 15:00 - 18:00', 'Freitag:': '8:00 - 12:30, 15:00 - 18:00', 'Samstag:': '8:00 - 12:00'}",http://www.apothekenindex.at/apotheken/kaernten/sankt-veit-an-der-glan/1400-weitensfeld-apotheke
105,Stadt-Apotheke,"Industriestraße 6
9360 Friesach",+43-4268-2236,+43-4268-2236-78,paul.hauser@net4you.at,"{'Montag:': '8:00 - 18:00', 'Dienstag:': '8:00 - 18:00', 'Mittwoch:': '8:00 - 18:00', 'Donnerstag:': '8:00 - 18:00', 'Freitag:': '8:00 - 18:00', 'Samstag:': '8:00 - 12:00'}",http://www.apothekenindex.at/apotheken/kaernten/sankt-veit-an-der-glan/921-stadt-apotheke
106,Apotheke Brückl,"Gewerbestr.8
9371 Brückl",+43-4214-29299,+43-4214-29300,info@apotheke-brueckl.at,"{'Montag:': '8:00 - 12:30, 15:00 - 18:00', 'Dienstag:': '8:00 - 12:30, 15:00 - 18:00', 'Mittwoch:': '8:00 - 12:30, 15:00 - 18:00', 'Donnerstag:': '8:00 - 12:30, 15:00 - 18:00', 'Freitag:': '8:00 - 12:30, 15:00 - 18:00', 'Samstag:': '8:00 - 12:00'}",http://www.apothekenindex.at/apotheken/kaernten/sankt-veit-an-der-glan/1320-apotheke-brueckl
107,Rosen-Apotheke,"Längdorfer Straße 2
9184 Sankt Jakob im Rosental",+43-4253-8278,+43-4253-8278-20,rosenapotheke@aon.at,"{'Montag:': '8:00 - 12:15, 15:00 - 18:00', 'Dienstag:': '8:00 - 12:15, 15:00 - 18:00', 'Mittwoch:': '8:00 - 12:15, 15:00 - 18:00', 'Donnerstag:': '8:00 - 12:15, 15:00 - 18:00', 'Freitag:': '8:00 - 12:15, 15:00 - 18:00', 'Samstag:': '8:00 - 12:00'}",http://www.apothekenindex.at/apotheken/kaernten/villach/980-rosen-apotheke
108,Sonnen-Apotheke,"Karawankenplatz 6
9220 Velden am Wörthersee",+43-4274-2601,+43-4274-2601-1,sonnen@apothekevelden.at,"{'Montag:': '8:00 - 19:00', 'Dienstag:': '8:00 - 19:00', 'Mittwoch:': '8:00 - 19:00', 'Donnerstag:': '8:00 - 19:00', 'Freitag:': '8:00 - 19:00', 'Samstag:': '8:00 - 19:00', 'Sonntag:': '9:00 - 12:00, 15:00 - 18:00'}",http://www.apothekenindex.at/apotheken/kaernten/villach/947-sonnen-apotheke
109,Wörtherseeapotheke,"Villacher Straße 29
9220 Velden am Wörthersee",+43-4274-52334,+43-4274-52334-20,info@woertherseeapotheke.at,"{'Montag:': '8:00 - 12:30, 14:30 - 18:00', 'Dienstag:': '8:00 - 12:30, 14:30 - 18:00', 'Mittwoch:': '8:00 - 12:30, 14:30 - 18:00', 'Donnerstag:': '8:00 - 12:30, 14:30 - 18:00', 'Freitag:': '8:00 - 12:30, 14:30 - 18:00', 'Samstag:': '8:00 - 12:00'}",http://www.apothekenindex.at/apotheken/kaernten/villach/1000-woertherseeapotheke
110,Apotheke Wernberg,"Industriestraße 1
9241 Wernberg",+43-4252-24699,+43-4252-24699-4,apowernberg@baldrian.com,"{'Montag:': '8:00 - 12:00, 14:00 - 18:00', 'Dienstag:': '8:00 - 12:00, 14:00 - 18:00', 'Mittwoch:': '8:00 - 12:00, 14:00 - 18:00', 'Donnerstag:': '8:00 - 12:00, 14:00 - 18:00', 'Freitag:': '8:00 - 12:00, 14:00 - 18:00', 'Samstag:': '8:30 - 12:00'}",http://www.apothekenindex.at/apotheken/kaernten/villach/992-apotheke-wernberg
111,team santé Obere Apotheke,"10.-Oktober-Straße 4
9500 Villach",+43-4242-24128,+43-4242-24128-8,obereapotheke9500@teamsante.at,"{'Montag:': '8:00 - 18:00', 'Dienstag:': '8:00 - 18:00', 'Mittwoch:': '8:00 - 18:00', 'Donnerstag:': '8:00 - 18:00', 'Freitag:': '8:00 - 18:00', 'Samstag:': '8:00 - 13:00'}",http://www.apothekenindex.at/apotheken/kaernten/villach/948-team-sant-obere-apotheke
112,Lind-Apotheke,"Genotteallee 24
9500 Villach",+43-4242-25654,+43-4242-25654-4,lind-apotheke@aon.at,"{'Montag:': '8:00 - 12:30, 14:00 - 18:00', 'Dienstag:': '8:00 - 12:30, 14:00 - 18:00', 'Mittwoch:': '8:00 - 12:30, 14:00 - 18:00', 'Donnerstag:': '8:00 - 12:30, 14:00 - 18:00', 'Freitag:': '8:00 - 12:30, 14:00 - 18:00', 'Samstag:': '8:00 - 12:00'}",http://www.apothekenindex.at/apotheken/kaernten/villach/962-lind-apotheke
113,St. Martin Apotheke,"St. Martiner Straße 44
9500 Villach",+43-4242-59512,+43-4242-59512-20,info@stmartin-apotheke.at,"{'Montag:': '8:00 - 13:00, 14:00 - 18:00', 'Dienstag:': '8:00 - 13:00, 14:00 - 18:00', 'Mittwoch:': '8:00 - 13:00, 14:00 - 18:00', 'Donnerstag:': '8:00 - 13:00, 14:00 - 18:00', 'Freitag:': '8:00 - 13:00, 14:00 - 18:00', 'Samstag:': '8:00 - 12:30'}",http://www.apothekenindex.at/apotheken/kaernten/villach/986-st-martin-apotheke
114,Völkendorf-Apotheke,"Völkendorfer Straße 23
9500 Villach",+43-4242-55966,+43-4242-55966-4,voelkendorf.apo@aon.at,"{'Montag:': '8:00 - 12:30, 14:30 - 18:00', 'Dienstag:': '8:00 - 12:30, 14:30 - 18:00', 'Mittwoch:': '8:00 - 12:30, 14:30 - 18:00', 'Donnerstag:': '8:00 - 12:30, 14:30 - 18:00', 'Freitag:': '8:00 - 12:30, 14:30 - 18:00', 'Samstag:': '8:00 - 12:00'}",http://www.apothekenindex.at/apotheken/kaernten/villach/960-voelkendorf-apotheke
115,Flora-Apotheke,"Badstubenweg 93
9500 Villach",+43-4242-56130,+43-4242-56130-10,office@floraapotheke.at,"{'Montag:': '8:00 - 18:30', 'Dienstag:': '8:00 - 18:30', 'Mittwoch:': '8:00 - 18:30', 'Donnerstag:': '8:00 - 18:30', 'Freitag:': '8:00 - 18:30', 'Samstag:': '8:00 - 17:00'}",http://www.apothekenindex.at/apotheken/kaernten/villach/1001-flora-apotheke
116,St. Leonhard-Apotheke,"Ernst-Pliwa-Gasse 4
9500 Villach",+43-4242-42137,+43-4242-42137-4,office@apotheke-leonhard.at,"{'Montag:': '8:00 - 12:30, 14:00 - 18:00', 'Dienstag:': '8:00 - 12:30, 14:00 - 18:00', 'Mittwoch:': '8:00 - 12:30, 14:00 - 18:00', 'Donnerstag:': '8:00 - 12:30, 14:00 - 18:00', 'Freitag:': '8:00 - 12:30, 14:00 - 18:00', 'Samstag:': '8:00 - 12:00'}",http://www.apothekenindex.at/apotheken/kaernten/villach/955-st-leonhard-apotheke
117,Kreis-Apotheke zum Goldenen Löwen,"Hauptplatz 9
9500 Villach",+43-4242-24118,+43-4242-24118-4,office@kreis-apotheke.at,"{'Montag:': '8:00 - 18:00', 'Dienstag:': '8:00 - 18:00', 'Mittwoch:': '8:00 - 18:00', 'Donnerstag:': '8:00 - 18:00', 'Freitag:': '8:00 - 18:00', 'Samstag:': '8:00 - 13:00'}",http://www.apothekenindex.at/apotheken/kaernten/villach/951-kreis-apotheke-zum-goldenen-loewen
118,Sonnen Apotheke,"Kärntner Straße 11
9500 Villach",+43-4242-35350,+43-4242-353504, ,"{'Montag:': '8:00 - 12:30, 14:30 - 18:00', 'Dienstag:': '8:00 - 12:30, 14:30 - 18:00', 'Mittwoch:': '8:00 - 12:30, 14:30 - 18:00', 'Donnerstag:': '8:00 - 12:30, 14:30 - 18:00', 'Freitag:': '8:00 - 12:30, 14:30 - 18:00', 'Samstag:': '8:30 - 12:00'}",http://www.apothekenindex.at/apotheken/kaernten/villach/999-sonnen-apotheke
119,Wulfenia-Apotheke,"Italienerstraße 4
9500 Villach",+43-4242-24903,+43-4242-24903-5,wulfenia@pharmazie.co.at,"{'Montag:': '8:00 - 18:00', 'Dienstag:': '8:00 - 18:00', 'Mittwoch:': '8:00 - 18:00', 'Donnerstag:': '8:00 - 18:00', 'Freitag:': '8:00 - 18:00', 'Samstag:': '8:00 - 12:00'}",http://www.apothekenindex.at/apotheken/kaernten/villach/950-wulfenia-apotheke
120,Drau-Apotheke,"Ossiacher Zeile 45
9500 Villach",+43-4242-28464,+43-4242-28464-30,pharmazie@drau-apotheke.at,"{'Montag:': '8:00 - 18:00', 'Dienstag:': '8:00 - 18:00', 'Mittwoch:': '8:00 - 18:00', 'Donnerstag:': '8:00 - 18:00', 'Freitag:': '8:00 - 18:00', 'Samstag:': '8:00 - 12:00'}",http://www.apothekenindex.at/apotheken/kaernten/villach/971-drau-apotheke
121,Marien-Apotheke,"Maria Gailer Straße 36
9500 Villach",+43-4242-31393,+43-4242-31393-3,office@marien-apotheke.or.at,"{'Montag:': '8:00 - 18:00', 'Dienstag:': '8:00 - 18:00', 'Mittwoch:': '8:00 - 18:00', 'Donnerstag:': '8:00 - 18:00', 'Freitag:': '8:00 - 18:00', 'Samstag:': '8:00 - 12:00'}",http://www.apothekenindex.at/apotheken/kaernten/villach/994-marien-apotheke
122,Engel-Apotheke,"Bahnhofstraße 15
9500 Villach",+43-4242-24472,+43-4242-24472-4,office@engelapo-villach.at,"{'Montag:': '8:00 - 18:00', 'Dienstag:': '8:00 - 18:00', 'Mittwoch:': '8:00 - 18:00', 'Donnerstag:': '8:00 - 18:00', 'Freitag:': '8:00 - 18:00', 'Samstag:': '8:00 - 12:00'}",http://www.apothekenindex.at/apotheken/kaernten/villach/949-engel-apotheke
123,Perau-Apotheke,"Ossiacher Zeile 11
9500 Villach",+43-4242-23529,+43-4242-23529-4,gesund@perauapotheke.at,"{'Montag:': '8:00 - 18:00', 'Dienstag:': '8:00 - 18:00', 'Mittwoch:': '8:00 - 18:00', 'Donnerstag:': '8:00 - 18:00', 'Freitag:': '8:00 - 18:00', 'Samstag:': '8:00 - 12:00'}",http://www.apothekenindex.at/apotheken/kaernten/villach/964-perau-apotheke
124,Gerlitzen Apotheke,"Eichrainweg 9
9521 Treffen",+43-4248-29628,+43-4248-29628-20,info@gerlitzenapotheke.at,"{'Montag:': '8:00 - 18:00', 'Dienstag:': '8:00 - 18:00', 'Mittwoch:': '8:00 - 18:00', 'Donnerstag:': '8:00 - 18:00', 'Freitag:': '8:00 - 18:00', 'Samstag:': '8:00 - 12:00'}",http://www.apothekenindex.at/apotheken/kaernten/villach/1298-gerlitzen-apotheke
125,Apotheke Landskron,"Ossiacher Straße 34
9523 Landskron",+43-4242-41988,+43-4242-41988-4,office@apolandskron.at,"{'Montag:': '8:00 - 12:30, 14:00 - 18:00', 'Dienstag:': '8:00 - 12:30, 14:00 - 18:00', 'Mittwoch:': '8:00 - 12:30, 14:00 - 18:00', 'Donnerstag:': '8:00 - 12:30, 14:00 - 18:00', 'Freitag:': '8:00 - 12:30, 14:00 - 18:00', 'Samstag:': '8:00 - 12:00'}",http://www.apothekenindex.at/apotheken/kaernten/villach/985-apotheke-landskron
126,Schutzengel-Apotheke,"Bad Bleiberg  93
9530 Bad Bleiberg",+43-4244-2237,+43-4244-2237-2,apotheke@vitaminothek.at,"{'Montag:': '8:00 - 12:15, 15:00 - 18:00', 'Dienstag:': '8:00 - 12:15, 15:00 - 18:00', 'Mittwoch:': '8:00 - 12:15, 15:00 - 18:00', 'Donnerstag:': '8:00 - 12:15, 15:00 - 18:00', 'Freitag:': '8:00 - 12:15, 15:00 - 18:00', 'Samstag:': '8:00 - 12:00'}",http://www.apothekenindex.at/apotheken/kaernten/villach/917-schutzengel-apotheke
127,Elisabeth-Apotheke,"Dietrichsteinerstraße 7
9583 Faak am See",+43-4254-3402,+43-4254-3402-8,office@apothekefaak.at,"{'Montag:': '8:00 - 12:30, 14:30 - 18:00', 'Dienstag:': '8:00 - 12:30, 14:30 - 18:00', 'Mittwoch:': '8:00 - 12:30, 14:30 - 18:00', 'Donnerstag:': '8:00 - 12:30, 14:30 - 18:00', 'Freitag:': '8:00 - 12:30, 14:30 - 18:00', 'Samstag:': '9:00 - 12:00'}",http://www.apothekenindex.at/apotheken/kaernten/villach/982-elisabeth-apotheke
128,Fürnitz-Apotheke,"Oberrainerstraße 36
9586 Fürnitz",+43-4257-20700,+43-4257-20700-20,office@fuernitz-apotheke.at,"{'Montag:': '8:00 - 18:00', 'Dienstag:': '8:00 - 18:00', 'Mittwoch:': '8:00 - 18:00', 'Donnerstag:': '8:00 - 18:00', 'Freitag:': '8:00 - 18:00', 'Samstag:': '8:00 - 13:00'}",http://www.apothekenindex.at/apotheken/kaernten/villach/1354-fuernitz-apotheke
129,Mariahilf-Apotheke,"Apothekergasse 2
9601 Arnoldstein",+43-4255-2444,+43-4255-2444-4,apotheke.arnoldstein@aon.at,"{'Montag:': '8:00 - 12:00, 15:00 - 18:00', 'Dienstag:': '8:00 - 12:00, 15:00 - 18:00', 'Mittwoch:': '8:00 - 12:00, 15:00 - 18:00', 'Donnerstag:': '8:00 - 12:00, 15:00 - 18:00', 'Freitag:': '8:00 - 12:00, 15:00 - 18:00', 'Samstag:': '8:00 - 12:00'}",http://www.apothekenindex.at/apotheken/kaernten/villach/936-mariahilf-apotheke
130,Damian-Apotheke,"Villacher Straße 391
9710 Feistritz/Drau",+43-4245-2365,+43-4245-2365-17,paul.lugger@damian-apotheke.at,"{'Montag:': '8:00 - 12:30, 15:00 - 18:00', 'Dienstag:': '8:00 - 12:30, 15:00 - 18:00', 'Mittwoch:': '8:00 - 12:30, 15:00 - 18:00', 'Donnerstag:': '8:00 - 12:30, 15:00 - 18:00', 'Freitag:': '8:00 - 12:30, 15:00 - 18:00', 'Samstag:': '8:00 - 12:00'}",http://www.apothekenindex.at/apotheken/kaernten/villach/935-damian-apotheke
131,Stadt-Apotheke,"Wiegelestraße 10
9100 Völkermarkt",+43-4232-4230,+43-4232-4230-4,office@stadt-apotheke.at,"{'Montag:': '8:00 - 18:00', 'Dienstag:': '8:00 - 18:00', 'Mittwoch:': '8:00 - 18:00', 'Donnerstag:': '8:00 - 18:00', 'Freitag:': '8:00 - 18:00', 'Samstag:': '8:00 - 12:00'}",http://www.apothekenindex.at/apotheken/kaernten/voelkermarkt/984-stadt-apotheke
132,Apotheke Zur Mariahilf,"Münzgasse 1
9100 Völkermarkt",+43-4232-2442,+43-4232-2442-4,apotheke@aon.at,"{'Montag:': '8:00 - 18:00', 'Dienstag:': '8:00 - 18:00', 'Mittwoch:': '8:00 - 18:00', 'Donnerstag:': '8:00 - 18:00', 'Freitag:': '8:00 - 18:00', 'Samstag:': '8:00 - 12:00'}",http://www.apothekenindex.at/apotheken/kaernten/voelkermarkt/952-apotheke-zur-mariahilf
133,Burg-Apotheke,"Hauptplatz 15
9112 Griffen",+43-4233-2606,+43-4233-2606-4,office@burgapotheke.at,"{'Montag:': '8:00 - 12:30, 14:30 - 18:00 ', 'Dienstag:': '8:00 - 12:30, 14:30 - 18:00 ', 'Mittwoch:': '8:00 - 12:30, 14:30 - 18:00 ', 'Donnerstag:': '8:00 - 12:30, 14:30 - 18:00 ', 'Freitag:': '8:00 - 12:30, 14:30 - 18:00 ', 'Samstag:': '8:00 - 12:00 '}",http://www.apothekenindex.at/apotheken/kaernten/voelkermarkt/941-burg-apotheke
134,Kanzianus-Apotheke,"Klopeinerstraße 2
9122 St. Kanzian",+43-4239-40380,+43-4239-40380-20,apotheke@kanzianus.at,"{'Montag:': '8:00 - 12:30, 14:45 - 18:15', 'Dienstag:': '8:00 - 12:30, 14:45 - 18:15', 'Mittwoch:': '8:00 - 12:30, 14:45 - 18:15', 'Donnerstag:': '8:00 - 12:30, 14:45 - 18:15', 'Freitag:': '8:00 - 12:30, 14:45 - 18:15', 'Samstag:': '8:00 - 12:00'}",http://www.apothekenindex.at/apotheken/kaernten/voelkermarkt/957-kanzianus-apotheke
135,Filialapotheke Kühnsdorf,"Fernando Colazzo-Platz 2
9125 Kühnsdorf",+43-4232-89440,+43-4232-89440-20,jauntal-apotheke@happynet.at,"{'Montag:': '8:00 - 12:30', 'Dienstag:': '8:00 - 12:30', 'Mittwoch:': '8:00 - 12:30', 'Donnerstag:': '8:00 - 12:30', 'Freitag:': '8:00 - 12:30', 'Samstag:': '8:00 - 12:30'}",http://www.apothekenindex.at/apotheken/kaernten/voelkermarkt/974-filialapotheke-kuehnsdorf
136,Jauntal-Apotheke,"Bleiburger Straße 16
9141 Eberndorf",+43-4236-5110,+43-4236-511020,jauntal-apotheke@happynet.at,"{'Montag:': '8:00 - 12:30, 14:30 - 18:30', 'Dienstag:': '8:00 - 12:30, 14:30 - 18:30', 'Mittwoch:': '8:00 - 12:30, 14:30 - 18:30', 'Donnerstag:': '8:00 - 12:30, 14:30 - 18:30', 'Freitag:': '8:00 - 12:30, 14:30 - 18:30', 'Samstag:': '8:00 - 12:15'}",http://www.apothekenindex.at/apotheken/kaernten/voelkermarkt/975-jauntal-apotheke
137,Apotheke Bleiburg,"10.-Oktober-Platz 2
9150 Bleiburg",+43-4235-2036,+43-4235-2036-4,apotheke.bleiburg@aon.at,"{'Montag:': '8:00 - 12:30, 14:45 - 18:00', 'Dienstag:': '8:00 - 12:30, 14:45 - 18:00', 'Mittwoch:': '8:00 - 12:30, 14:45 - 18:00', 'Donnerstag:': '8:00 - 12:30, 14:45 - 18:00', 'Freitag:': '8:00 - 12:30, 14:45 - 18:00', 'Samstag:': '8:00 - 12:00'}",http://www.apothekenindex.at/apotheken/kaernten/voelkermarkt/918-apotheke-bleiburg
138,team santé Barbara Apotheke,"Krankenhausstraße 16
9400 Wolfsberg",+43-4352-42620,+43-4352-4262-15,barbaraapotheke9400@teamsante.at,"{'Montag:': '8:00 - 18:00', 'Dienstag:': '8:00 - 18:00 ', 'Mittwoch:': '8:00 - 18:00 ', 'Donnerstag:': '8:00 - 18:00 ', 'Freitag:': '8:00 - 18:00', 'Samstag:': '8:00 - 12:00 '}",http://www.apothekenindex.at/apotheken/kaernten/wolfsberg/970-team-sant-barbara-apotheke
139,Apotheke Zum weißen Wolf,"Hoher Platz 7
9400 Wolfsberg",+43-4352-42060,+43-4352-4206-78,apotheke.weisser.wolf@utanet.at,"{'Montag:': '8:00 - 18:00', 'Dienstag:': '8:00 - 18:00', 'Mittwoch:': '8:00 - 18:00', 'Donnerstag:': '8:00 - 18:00', 'Freitag:': '8:00 - 18:00', 'Samstag:': '8:00 - 12:00'}",http://www.apothekenindex.at/apotheken/kaernten/wolfsberg/954-apotheke-zum-weissen-wolf
140,Apotheke Zur Mariahilf,"Wiener Straße 2
9400 Wolfsberg",+43-4352-2611,+43-4352-2611-30,apotheke_zurmariahilf@hotmail.com,"{'Montag:': '8:00 - 18:00', 'Dienstag:': '8:00 - 18:00', 'Mittwoch:': '8:00 - 18:00', 'Donnerstag:': '8:00 - 18:00', 'Freitag:': '8:00 - 18:00', 'Samstag:': '8:00 - 12:00'}",http://www.apothekenindex.at/apotheken/kaernten/wolfsberg/953-apotheke-zur-mariahilf
141,team santé Activa Apotheke,"Klagenfurter Straße 35
9400 Wolfsberg",+43-4352-37770,+43-4352-37770-70,activaapotheke9400@teamsante.at,"{'Montag:': '8:00 - 18:00', 'Dienstag:': '8:00 - 18:00', 'Mittwoch:': '8:00 - 18:00', 'Donnerstag:': '8:00 - 18:00', 'Freitag:': '8:00 - 18:00', 'Samstag:': '8:00 - 12:00'}",http://www.apothekenindex.at/apotheken/kaernten/wolfsberg/997-team-sant-activa-apotheke
142,Paracelsus-Apotheke,"Packer Bundesstraße 26A
9413 Frantschach - St. Gertraud",+43-4352-37072,+43-4352-37072-3,paracelsus_apotheke@aon.at,"{'Montag:': '7:30 - 12:30, 15:00 - 18:00', 'Dienstag:': '7:30 - 12:30, 15:00 - 18:00', 'Mittwoch:': '7:30 - 12:30, 15:00 - 18:00', 'Donnerstag:': '7:30 - 12:30, 15:00 - 18:00', 'Freitag:': '7:30 - 12:30, 15:00 - 18:00', 'Samstag:': '8:00 - 12:00'}",http://www.apothekenindex.at/apotheken/kaernten/wolfsberg/988-paracelsus-apotheke
143,Stadt-Apotheke,"St. Andrä  66
9433 St. Andrä",+43-4358-3050,+43-4358-3050-13,apo-st.andrae@aon.at,"{'Montag:': '7:30 - 12:30, 14:30 - 18:15', 'Dienstag:': '7:30 - 12:30, 14:30 - 18:15', 'Mittwoch:': '7:30 - 12:30, 14:30 - 18:15', 'Donnerstag:': '7:30 - 12:30, 14:30 - 18:15', 'Freitag:': '7:30 - 12:30, 14:30 - 18:15', 'Samstag:': '7:30 - 12:00'}",http://www.apothekenindex.at/apotheken/kaernten/wolfsberg/967-stadt-apotheke
144,Loretto Apotheke,"Nr.8
9433 St.Andrä im Lavanttal",+43-4358-24443,+43-4358-24443-20,post@apo-st-andrae.at,"{'Montag:': '8:00 - 18:00', 'Dienstag:': '8:00 - 18:00', 'Mittwoch:': '8:00 - 18:00', 'Donnerstag:': '8:00 - 18:00', 'Freitag:': '8:00 - 18:00', 'Samstag:': '8:00 - 12:00'}",http://www.apothekenindex.at/apotheken/kaernten/wolfsberg/1278-loretto-apotheke
145,Stadtapotheke Zum heiligen Leonhard,"Hauptplatz 10
9462 Bad St. Leonhard im Lavanttal",+43-4350-2308,+43-4350-2308-2,office@apothekeleonhard.at,"{'Montag:': '8:00 - 12:30, 14:30 - 18:00', 'Dienstag:': '8:00 - 12:30, 14:30 - 18:00', 'Mittwoch:': '8:00 - 12:30, 14:30 - 18:00', 'Donnerstag:': '8:00 - 12:30, 14:30 - 18:00', 'Freitag:': '8:00 - 12:30, 14:30 - 18:00', 'Samstag:': '8:00 - 12:00'}",http://www.apothekenindex.at/apotheken/kaernten/wolfsberg/939-stadtapotheke-zum-heiligen-leonhard
146,Apotheke Zur Mariahilf,"Lobisserplatz 5
9470 Sankt Paul im Lavanttal",+43-4357-2014,+43-4357-2014-20,post@apo-st-paul.at,"{'Montag:': '8:00 - 12:30, 15:00 - 18:00', 'Dienstag:': '8:00 - 12:30, 15:00 - 18:00', 'Mittwoch:': '8:00 - 12:30, 15:00 - 18:00', 'Donnerstag:': '8:00 - 12:30, 15:00 - 18:00', 'Freitag:': '8:00 - 12:30, 15:00 - 18:00', 'Samstag:': '8:30 - 12:00'}",http://www.apothekenindex.at/apotheken/kaernten/wolfsberg/940-apotheke-zur-mariahilf
147,Stadion-Apotheke,"Ybbsstraße 35
3300 Amstetten",+43-7472-65865,+43-7472-65865-20,info@stadion-apotheke.at,"{'Montag:': '7:30 - 12:00, 14:30 - 18:00', 'Dienstag:': '7:30 - 12:00, 14:30 - 18:00', 'Mittwoch:': '7:30 - 12:00, 14:30 - 18:00', 'Donnerstag:': '7:30 - 12:00, 14:30 - 18:00', 'Freitag:': '7:30 - 12:00, 14:30 - 18:00', 'Samstag:': '7:30 - 12:00'}",http://www.apothekenindex.at/apotheken/niederoesterreich/amstetten/540-stadion-apotheke
148,Stadt-Apotheke Zum guten Hirten,"Hauptplatz 17-19
3300 Amstetten",+43-7472-62233,+43-7472-63622-10,info@stadt-apo.at,"{'Montag:': '7:30 - 12:00, 14:30 - 18:00', 'Dienstag:': '7:30 - 12:00, 14:30 - 18:00', 'Mittwoch:': '7:30 - 12:00, 14:30 - 18:00', 'Donnerstag:': '7:30 - 12:00, 14:30 - 18:00', 'Freitag:': '7:30 - 12:00, 14:30 - 18:00', 'Samstag:': '7:30 - 12:00'}",http://www.apothekenindex.at/apotheken/niederoesterreich/amstetten/353-stadt-apotheke-zum-guten-hirten
149,CCA-Apotheke,"Waidhofner Straße 1
3300 Amstetten",+43-7472-62637,,info@cca-apotheke.at,"{'Montag:': '9:00 - 18:30', 'Dienstag:': '9:00 - 18:30', 'Mittwoch:': '9:00 - 18:30', 'Donnerstag:': '9:00 - 18:30', 'Freitag:': '9:00 - 19:00', 'Samstag:': '9:00 - 19:00'}",http://www.apothekenindex.at/apotheken/niederoesterreich/amstetten/1418-cca-apotheke
150,Mariahilf-Apotheke,"Wiener Straße 21
3300 Amstetten",+43-7472-62711,+43-7472-61288,a.weissenegger@aon.at,"{'Montag:': '7:30 - 12:00, 14:30 - 18:00', 'Dienstag:': '7:30 - 12:00, 14:30 - 18:00', 'Mittwoch:': '7:30 - 12:00, 14:30 - 18:00', 'Donnerstag:': '7:30 - 12:00, 14:30 - 18:00', 'Freitag:': '7:30 - 12:00, 14:30 - 18:00', 'Samstag:': '7:30 - 12:00'}",http://www.apothekenindex.at/apotheken/niederoesterreich/amstetten/352-mariahilf-apotheke
151,Elias Apotheke,"Reichsstraße 24a
3300 Amstetten",+43-7472-28107,+43-7472-28107-20,elias.apo@a1.net,"{'Montag:': '7:30 - 12:00, 14:30 - 18:00', 'Dienstag:': '7:30 - 12:00, 14:30 - 18:00', 'Mittwoch:': '7:30 - 12:00, 14:30 - 18:00', 'Donnerstag:': '7:30 - 12:00, 14:30 - 18:00', 'Freitag:': '7:30 - 12:00, 14:30 - 18:00', 'Samstag:': '7:30 - 12:00'}",http://www.apothekenindex.at/apotheken/niederoesterreich/amstetten/1331-elias-apotheke
152,Apotheke an der Eisenstraße,"1. Straße 16
3331 Kematen",+43-7448-59977,+43-7448-59977-34,w.rapatz@apotheke-rosenau.at,"{'Montag:': '8:00 - 12:00, 14:00 - 18:00', 'Dienstag:': '8:00 - 12:00, 14:00 - 18:00', 'Mittwoch:': '8:00 - 12:00, 14:00 - 18:00', 'Donnerstag:': '8:00 - 12:00, 14:00 - 18:00', 'Freitag:': '8:00 - 12:00, 14:00 - 18:00', 'Samstag:': '8:00 - 12:00'}",http://www.apothekenindex.at/apotheken/niederoesterreich/amstetten/488-apotheke-an-der-eisenstrasse
153,Apotheke Rosenau,"Waidhofner Straße 43
3332 Rosenau/Sonntagberg",+43-7448-2525,+43-7448-2525-34,info@apotheke-rosenau.at,"{'Montag:': '8:00 - 12:00, 14:00 - 18:00', 'Dienstag:': '8:00 - 12:00, 14:00 - 18:00', 'Mittwoch:': '8:00 - 12:00, 14:00 - 18:00', 'Donnerstag:': '8:00 - 12:00, 14:00 - 18:00', 'Freitag:': '8:00 - 12:00, 14:00 - 18:00', 'Samstag:': '8:00 - 12:00'}",http://www.apothekenindex.at/apotheken/niederoesterreich/amstetten/489-apotheke-rosenau
154,St. Michael-Apotheke,"Höllriglstraße 1
3350 Haag",+43-7434-42218,+43-7434-42218-16,st.michael-apotheke@gmx.at,"{'Montag:': '8:00 - 12:30, 15:00 - 18:00', 'Dienstag:': '8:00 - 12:30, 15:00 - 18:00', 'Mittwoch:': '8:00 - 12:30, 15:00 - 18:00', 'Donnerstag:': '8:00 - 12:30, 15:00 - 18:00', 'Freitag:': '8:00 - 12:30, 15:00 - 18:00', 'Samstag:': '9:00 - 12:00'}",http://www.apothekenindex.at/apotheken/niederoesterreich/amstetten/377-st-michael-apotheke
155,Apotheke St. Peter/Au,"Betriebsgebiet-West 5
3352 St. Peter/Au",+43-7477-49040,+43-7477-49040-9,apotheke-stpeter@aon.at,"{'Montag:': '8:00 - 18:00', 'Dienstag:': '8:00 - 18:00', 'Mittwoch:': '8:00 - 18:00', 'Donnerstag:': '8:00 - 18:00', 'Freitag:': '8:00 - 18:00', 'Samstag:': '8:00 - 12:00'}",http://www.apothekenindex.at/apotheken/niederoesterreich/amstetten/562-apotheke-st-peterau
156,Linden-Apotheke,"Steyrer Straße 8a
3353 Seitenstetten",+43-7477-423100,+43-7477-42310-14,office@apotheke-seitenstetten.at,"{'Montag:': '8:00 - 12:00, 14:30 - 18:00', 'Dienstag:': '8:00 - 12:00, 14:30 - 18:00', 'Mittwoch:': '8:00 - 12:00, 14:30 - 18:00', 'Donnerstag:': '8:00 - 12:00, 14:30 - 18:00', 'Freitag:': '8:00 - 12:00, 14:30 - 18:00', 'Samstag:': '8:00 - 12:00'}",http://www.apothekenindex.at/apotheken/niederoesterreich/amstetten/432-linden-apotheke
157,Apotheke Zum heiligen Martin,"Martinusstraße 12
3361 Aschbach-Markt",+43-7476-77880,+43-7476-77880-4,info@apotheke-aschbach.com,"{'Montag:': '8:00 - 12:30, 14:30 - 18:00', 'Dienstag:': '8:00 - 12:30, 14:30 - 18:00', 'Mittwoch:': '8:00 - 12:30, 14:30 - 18:00', 'Donnerstag:': '8:00 - 12:30, 14:30 - 18:00', 'Freitag:': '8:00 - 18:00', 'Samstag:': '8:00 - 12:00'}",http://www.apothekenindex.at/apotheken/niederoesterreich/amstetten/554-apotheke-zum-heiligen-martin
158,Apotheke Zur Hofmühle,"Theresienthalstraße 3
3363 Ulmerfeld-Hausmening",+43-7475-52383,+43-7475-52383-5,hofmuehlapo@comteam.at,"{'Montag:': '8:00 - 12:30, 15:00 - 18:00', 'Dienstag:': '8:00 - 12:30, 15:00 - 18:00', 'Mittwoch:': '8:00 - 12:30, 15:00 - 18:00', 'Donnerstag:': '8:00 - 12:30, 15:00 - 18:00', 'Freitag:': '8:00 - 12:30, 15:00 - 18:00', 'Samstag:': '8:00 - 12:00'}",http://www.apothekenindex.at/apotheken/niederoesterreich/amstetten/487-apotheke-zur-hofmuehle
159,St. Valentinus-Apotheke,"Hauptstraße 22
4300 St. Valentin",+43-7435-52413,+43-7435-54950,apotheke@hoyers.at,"{'Montag:': '7:30 - 12:00, 14:00 - 18:00', 'Dienstag:': '7:30 - 12:00, 14:00 - 18:00', 'Mittwoch:': '7:30 - 12:00, 14:00 - 18:00', 'Donnerstag:': '7:30 - 12:00, 14:00 - 18:00', 'Freitag:': '7:30 - 12:00, 14:00 - 18:00', 'Samstag:': '7:30 - 12:00'}",http://www.apothekenindex.at/apotheken/niederoesterreich/amstetten/429-st-valentinus-apotheke
160,Nibelungen Apotheke,"Langenharter Straße 50
4300 St. Valentin",+43-7435-58480,+43-7435-5848084,nibelungen.apo@hoyers.at,"{'Montag:': '8:00 - 12:00, 14:00 - 18:00', 'Dienstag:': '8:00 - 12:00, 14:00 - 18:00', 'Mittwoch:': '8:00 - 12:00, 14:00 - 18:00', 'Donnerstag:': '8:00 - 12:00, 14:00 - 18:00', 'Freitag:': '8:00 - 12:00, 14:00 - 18:00', 'Samstag:': '8:00 - 12:00'}",http://www.apothekenindex.at/apotheken/niederoesterreich/amstetten/545-nibelungen-apotheke
161,Sonnhof-Apotheke,"Hauptplatz 8
2442 Unterwaltersdorf",+43-2254-74844,+43-2254-74844,office@sonnhof-apotheke.at,"{'Montag:': '8:00 - 12:00, 14:00 - 18:00', 'Dienstag:': '8:00 - 12:00, 14:00 - 18:00', 'Mittwoch:': '8:00 - 12:00, 14:00 - 18:00', 'Donnerstag:': '8:00 - 12:00, 14:00 - 18:00', 'Freitag:': '8:00 - 12:00, 14:00 - 18:00', 'Samstag:': '8:00 - 12:00'}",http://www.apothekenindex.at/apotheken/niederoesterreich/baden/1332-sonnhof-apotheke
162,St. Anna-Apotheke,"Hauptplatz 20
2483 Ebreichsdorf",+43-2254-72220,+43-2254-75304, ,"{'Montag:': '8:00 - 12:00, 14:00 - 18:00', 'Dienstag:': '8:00 - 12:00, 14:00 - 18:00', 'Mittwoch:': '8:00 - 12:00, 14:00 - 18:00', 'Donnerstag:': '8:00 - 12:00, 14:00 - 18:00', 'Freitag:': '8:00 - 12:00, 14:00 - 18:00', 'Samstag:': '8:00 - 12:00'}",http://www.apothekenindex.at/apotheken/niederoesterreich/baden/364-st-anna-apotheke
163,Apotheke Zum St. Nikolaus,"Kirchenplatz 1
2486 Pottendorf",+43-2623-72275,+43-2623-72460,office@apotheke-pottendorf.at,"{'Montag:': '7:30 - 12:00, 14:30 - 18:00', 'Dienstag:': '7:30 - 12:00, 14:30 - 18:00', 'Mittwoch:': '7:30 - 12:00, 14:30 - 18:00', 'Donnerstag:': '7:30 - 12:00, 14:30 - 18:00', 'Freitag:': '7:30 - 12:00, 14:30 - 18:00', 'Samstag:': '8:00 - 12:00'}",http://www.apothekenindex.at/apotheken/niederoesterreich/baden/415-apotheke-zum-st-nikolaus
164,Apotheke Zur Weilburg,"Weilburgstraße 2
2500 Baden",+43-2252-48403,+43-2252-48403-4,apotheke.weilburg@kabelnet.at,"{'Montag:': '8:00 - 18:00', 'Dienstag:': '8:00 - 18:00', 'Mittwoch:': '8:00 - 18:00', 'Donnerstag:': '8:00 - 18:00', 'Freitag:': '8:00 - 18:00', 'Samstag:': '8:00 - 12:00'}",http://www.apothekenindex.at/apotheken/niederoesterreich/baden/357-apotheke-zur-weilburg
165,Heiligen-Geist-Apotheke,"Hauptplatz 6
2500 Baden",+43-2252-48569,+43-2252-48569-20,info@heiligengeistapotheke.at,"{'Montag:': '8:00 - 18:00', 'Dienstag:': '8:00 - 18:00', 'Mittwoch:': '8:00 - 18:00', 'Donnerstag:': '8:00 - 18:00', 'Freitag:': '8:00 - 18:00', 'Samstag:': '8:00 - 12:00'}",http://www.apothekenindex.at/apotheken/niederoesterreich/baden/356-heiligen-geist-apotheke
166,Heilquell-Apotheke,"Antonsgasse 1
2500 Baden",+43-2252-87125,+43-2252-87125-14,bestell@heilquellapotheke.at,"{'Montag:': '8:00 - 18:00', 'Dienstag:': '8:00 - 18:00', 'Mittwoch:': '8:00 - 18:00', 'Donnerstag:': '8:00 - 18:00', 'Freitag:': '8:00 - 18:00', 'Samstag:': '8:00 - 12:00'}",http://www.apothekenindex.at/apotheken/niederoesterreich/baden/355-heilquell-apotheke
167,Landschafts-Apotheke,"Hauptplatz 13
2500 Baden",+43-2252-86315,+43-2252-86315-4,landschaftsapotheke.baden@aon.at,"{'Montag:': '8:00 - 18:00', 'Dienstag:': '8:00 - 18:00', 'Mittwoch:': '8:00 - 18:00', 'Donnerstag:': '8:00 - 18:00', 'Freitag:': '8:00 - 18:00', 'Samstag:': '8:00 - 12:00'}",http://www.apothekenindex.at/apotheken/niederoesterreich/baden/354-landschafts-apotheke
168,Marien-Apotheke,"Leesdorfer Hauptstraße 11
2500 Baden",+43-2252-87147,+43-2252-87147-20,marien@apotheke-baden.at,"{'Montag:': '8:00 - 18:00', 'Dienstag:': '8:00 - 18:00', 'Mittwoch:': '8:00 - 18:00', 'Donnerstag:': '8:00 - 18:00', 'Freitag:': '8:00 - 18:00', 'Samstag:': '8:00 - 12:00'}",http://www.apothekenindex.at/apotheken/niederoesterreich/baden/358-marien-apotheke
169,Aeskulap Apotheke,"Mühlgasse 1
2511 Pfaffstätten",+43-2252-21110,+43-2252-21110-10,office@apotheke-pfaffstaetten.at,"{'Montag:': '8:00 - 12:00, 14:00 - 18:00', 'Dienstag:': '8:00 - 12:00, 14:00 - 18:00', 'Mittwoch:': '8:00 - 12:00, 14:00 - 18:00', 'Donnerstag:': '8:00 - 12:00, 14:00 - 18:00', 'Freitag:': '8:00 - 12:00, 14:00 - 18:00', 'Samstag:': '8:00 - 12:00'}",http://www.apothekenindex.at/apotheken/niederoesterreich/baden/542-aeskulap-apotheke
170,Activ Apotheke Tribuswinkel,"Pfarrgasse 11
2512 Tribuswinkel",+43-2252-85538,+43-2252-85538-50,office@apotheketribuswinkel.at,"{'Montag:': '8:00 - 18:00', 'Dienstag:': '8:00 - 18:00', 'Mittwoch:': '8:00 - 18:00', 'Donnerstag:': '8:00 - 18:00', 'Freitag:': '8:00 - 18:00', 'Samstag:': '8:00 - 12:00'}",http://www.apothekenindex.at/apotheken/niederoesterreich/baden/1259-activ-apotheke-tribuswinkel
171,Schutzengel-Apotheke,"Karl Adlitzer-Straße 33
2513 Möllersdorf",+43-2252-54202,+43-2252-54202,office@schutzengel-apotheke.at,"{'Montag:': '8:00 - 12:00, 14:00 - 18:00', 'Dienstag:': '8:00 - 12:00, 14:00 - 18:00', 'Mittwoch:': '8:00 - 12:00, 14:00 - 18:00', 'Donnerstag:': '8:00 - 12:00, 14:00 - 18:00', 'Freitag:': '8:00 - 12:00, 14:00 - 18:00', 'Samstag:': '8:00 - 12:00'}",http://www.apothekenindex.at/apotheken/niederoesterreich/baden/541-schutzengel-apotheke
172,Engel-Apotheke,"Dr.-Karl-Renner-Platz 3
2514 Traiskirchen",+43-2252-52627,+43-2252-52627-9,kontakt@apo-traiskirchen.at,"{'Montag:': '8:00 - 12:00, 14:00 - 18:00', 'Dienstag:': '8:00 - 12:00, 14:00 - 18:00', 'Mittwoch:': '8:00 - 12:00, 14:00 - 18:00', 'Donnerstag:': '8:00 - 12:00, 14:00 - 18:00', 'Freitag:': '8:00 - 12:00, 14:00 - 18:00', 'Samstag:': '8:00 - 12:00'}",http://www.apothekenindex.at/apotheken/niederoesterreich/baden/439-engel-apotheke
173,Trumau Apotheke,"Dr. Karl Renner-Platz 1
2521 Trumau",+43-2253-21627,+43-2253-21627-21,info@trumau-apotheke.at,"{'Montag:': '8:00 - 12:00', 'Dienstag:': '14:00 - 18:00', 'Mittwoch:': '8:00 - 12:00', 'Donnerstag:': '8:00 - 12:00, 14:00 - 18:30', 'Freitag:': '8:00 - 12:00', 'Samstag:': '8:00 - 12:00'}",http://www.apothekenindex.at/apotheken/niederoesterreich/baden/1271-trumau-apotheke
174,Triesting-Apotheke,"Fabriksstraße 15 - 17
2522 Oberwaltersdorf",+43-2253-8860,+43-2253-8860-20,info@triesting-apotheke.at,"{'Montag:': '8:00 - 12:30, 14:30 - 18:00', 'Dienstag:': '8:00 - 12:30, 14:30 - 19:00', 'Mittwoch:': '8:00 - 12:30, 14:30 - 18:00', 'Donnerstag:': '8:00 - 12:30, 14:30 - 19:00', 'Freitag:': '8:00 - 12:30, 14:30 - 18:00', 'Samstag:': '8:00 - 12:00'}",http://www.apothekenindex.at/apotheken/niederoesterreich/baden/531-triesting-apotheke
175,Die Apoteeke in Teesdorf,"Wiener Neustädter Straße 32 b
2524 Teesdorf",+43-2253-80540,+43-2253-80540-40,office@apoteesdorf.at,"{'Montag:': '8:00 - 18:00', 'Dienstag:': '8:00 - 18:00', 'Mittwoch:': '8:00 - 18:00', 'Donnerstag:': '8:00 - 18:00', 'Freitag:': '8:00 - 18:00', 'Samstag:': '8:00 - 12:00'}",http://www.apothekenindex.at/apotheken/niederoesterreich/baden/553-die-apoteeke-in-teesdorf
176,Buchen-Apotheke,"Klausenstraße 129
2534 Alland",+43-2258-76190,+43-2258-76290,Apotheke.Alland@AON.AT,"{'Montag:': '8:00 - 12:00, 14:00 - 18:00 ', 'Dienstag:': '8:00 - 12:00, 14:00 - 18:00 ', 'Mittwoch:': '8:00 - 12:00, 14:00 - 18:00 ', 'Donnerstag:': '8:00 - 12:00, 14:00 - 18:00 ', 'Freitag:': '8:00 - 12:00, 14:00 - 18:00 ', 'Samstag:': '8:00 - 12:00 '}",http://www.apothekenindex.at/apotheken/niederoesterreich/baden/543-buchen-apotheke
177,Kur-Apotheke,"Badner Straße 12
2540 Bad Vöslau",+43-2252-70406,+43-2252-70406-18,info@kur-apotheke.at,"{'Montag:': '8:00 - 18:00', 'Dienstag:': '8:00 - 18:00', 'Mittwoch:': '8:00 - 18:00', 'Donnerstag:': '8:00 - 18:00', 'Freitag:': '8:00 - 18:00', 'Samstag:': '8:00 - 12:00'}",http://www.apothekenindex.at/apotheken/niederoesterreich/baden/527-kur-apotheke
178,Apotheke Zum Erlöser,"Hochstraße 25
2540 Bad Vöslau",+43-2252-76285,+43-2252-746-88,erloeser@aon.at,"{'Montag:': '8:00 - 18:00', 'Dienstag:': '8:00 - 18:00', 'Mittwoch:': '8:00 - 18:00', 'Donnerstag:': '8:00 - 18:00', 'Freitag:': '8:00 - 18:00', 'Samstag:': '8:00 - 12:00'}",http://www.apothekenindex.at/apotheken/niederoesterreich/baden/442-apotheke-zum-erloeser
179,Unsere Sonnenschein Apotheke,"Industriestraße 12
2540 Bad Vöslau",+43-2252-251581,+43-2252-251581-18,post@unseresonnenscheinapotheke.at,"{'Montag:': '8:00 - 18:00', 'Dienstag:': '8:00 - 18:00', 'Mittwoch:': '8:00 - 18:00', 'Donnerstag:': '8:00 - 18:00', 'Freitag:': '8:00 - 18:00', 'Samstag:': '8:00 - 12:00'}",http://www.apothekenindex.at/apotheken/niederoesterreich/baden/1347-unsere-sonnenschein-apotheke
180,Schloß-Apotheke,"Hauptstr.13
2542 Kottingbrunn",+43-2252-74960,+43-2252-74960-8,office@schloss-apotheke.at,"{'Montag:': '8:00 - 12:00, 14:00 - 18:00', 'Dienstag:': '8:00 - 12:00, 14:00 - 18:00', 'Mittwoch:': '8:00 - 12:00, 14:00 - 18:00', 'Donnerstag:': '8:00 - 12:00, 14:00 - 18:00', 'Freitag:': '8:00 - 12:00, 14:00 - 18:00', 'Samstag:': '8:00 - 12:00'}",http://www.apothekenindex.at/apotheken/niederoesterreich/baden/524-schloss-apotheke
181,Apotheke Zum heilsamen Brunnen,"Südbahnstraße 7
2544 Leobersdorf",+43-2256-62359,+43-2256-62371,apoleobersdorf@aon.at,"{'Montag:': '8:00 - 12:00, 14:00 - 18:00', 'Dienstag:': '8:00 - 12:00, 14:00 - 18:00', 'Mittwoch:': '8:00 - 12:00, 14:00 - 18:00', 'Donnerstag:': '8:00 - 12:00, 14:00 - 18:00', 'Freitag:': '8:00 - 12:00, 14:00 - 18:00', 'Samstag:': '8:00 - 12:00'}",http://www.apothekenindex.at/apotheken/niederoesterreich/baden/397-apotheke-zum-heilsamen-brunnen
182,Paracelsus-Apotheke,"Schimmelgasse 2
2551 Enzesfeld-Lindabrunn",+43-2256-81242,+43-2256-81242, ,"{'Montag:': '8:00 - 12:00, 14:00 - 18:00', 'Dienstag:': '8:00 - 12:00, 14:00 - 18:00', 'Mittwoch:': '8:00 - 12:00, 14:00 - 18:00', 'Donnerstag:': '8:00 - 12:00, 14:00 - 18:00', 'Freitag:': '8:00 - 12:00, 14:00 - 18:00', 'Samstag:': '8:00 - 12:00'}",http://www.apothekenindex.at/apotheken/niederoesterreich/baden/366-paracelsus-apotheke
183,Apotheke Zur heiligen Dreifaltigkeit,"Hainfelder Straße 14
2560 Berndorf",+43-2672-82224,+43-2672-82224-12,office@apotheke-berndorf.at,"{'Montag:': '8:00 - 12:00, 14:00 - 18:00', 'Dienstag:': '8:00 - 12:00, 14:00 - 18:00', 'Mittwoch:': '8:00 - 12:00, 14:00 - 18:00', 'Donnerstag:': '8:00 - 12:00, 14:00 - 18:00', 'Freitag:': '8:00 - 12:00, 14:00 - 18:00', 'Samstag:': '8:00 - 12:00'}",http://www.apothekenindex.at/apotheken/niederoesterreich/baden/359-apotheke-zur-heiligen-dreifaltigkeit
184,Apotheke Zum heiligen Antonius,"Hainfelder Straße 5
2563 Pottenstein",+43-2672-82426,+43-2672-82426-5,apotheke.pottenstein@aon.at,"{'Montag:': '8:00 - 12:00, 14:00 - 18:00', 'Dienstag:': '8:00 - 12:00, 14:00 - 18:00', 'Mittwoch:': '8:00 - 12:00, 14:00 - 18:00', 'Donnerstag:': '8:00 - 12:00, 14:00 - 18:00', 'Freitag:': '8:00 - 12:00, 14:00 - 18:00', 'Samstag:': '8:00 - 12:00'}",http://www.apothekenindex.at/apotheken/niederoesterreich/baden/416-apotheke-zum-heiligen-antonius
185,Apotheke Zum Römer,"Wiener Straße 11
2405 Bad Deutsch-Altenburg",+43-2165-63764,+43-2165-63795,roemer-apo@speed.at,"{'Montag:': '8:00 - 12:00, 14:00 - 18:00', 'Dienstag:': '8:00 - 12:00, 14:00 - 18:00', 'Mittwoch:': '8:00 - 12:00, 14:00 - 18:00', 'Donnerstag:': '8:00 - 12:00, 14:00 - 18:00', 'Freitag:': '8:00 - 12:00, 14:00 - 18:00', 'Samstag:': '8:00 - 12:00'}",http://www.apothekenindex.at/apotheken/niederoesterreich/bruck-an-der-leitha/484-apotheke-zum-roemer
186,Stadtapotheke,"Hauptplatz 17
2410 Hainburg",+43-2165-62634,+43-2165-62634-4,office@apotheke-hainburg.at,"{'Montag:': '8:00 - 12:00, 14:00 - 18:00', 'Dienstag:': '8:00 - 12:00, 14:00 - 18:00', 'Mittwoch:': '8:00 - 12:00, 14:00 - 18:00', 'Donnerstag:': '8:00 - 12:00, 14:00 - 18:00', 'Freitag:': '8:00 - 12:00, 14:00 - 18:00', 'Samstag:': '8:00 - 12:00'}",http://www.apothekenindex.at/apotheken/niederoesterreich/bruck-an-der-leitha/379-stadtapotheke
187,Apotheke Enzersdorf an der Fischa,"Dreifaltigkeitsplatz 5
2431 Enzersdorf an der Fischa",+43-2230-81789,, ,"{'Montag:': '8:00 - 12:00, 15:00 - 18:30', 'Dienstag:': '8:00 - 12:00, 15:00 - 18:00', 'Mittwoch:': '8:00 - 12:00', 'Donnerstag:': '8:00 - 12:00, 15:00 - 18:30', 'Freitag:': '8:00 - 12:00, 15:00 - 18:00', 'Samstag:': '8:00 - 12:00'}",http://www.apothekenindex.at/apotheken/niederoesterreich/bruck-an-der-leitha/1353-apotheke-enzersdorf-an-der-fischa
188,Apotheke Zum heiligen Leopold,"Hauptstraße 58
2452 Mannersdorf am Leithagebirge",+43-2168-62250,+43-2168-62250-73,apo.hl.leopold@aon.at,"{'Montag:': '8:00 - 18:00', 'Dienstag:': '8:00 - 18:00', 'Mittwoch:': '8:00 - 18:00', 'Donnerstag:': '8:00 - 18:00', 'Freitag:': '8:00 - 18:00', 'Samstag:': '8:00 - 12:00'}",http://www.apothekenindex.at/apotheken/niederoesterreich/bruck-an-der-leitha/401-apotheke-zum-heiligen-leopold
