,State Links
0,http://www.apothekenindex.at/apotheken/burgenland/eisenstadt?osCsid=bf480b83c8582a6a5b8c2c0a927774a8
1,http://www.apothekenindex.at/apotheken/burgenland/eisenstadt-stadt?osCsid=bf480b83c8582a6a5b8c2c0a927774a8
2,http://www.apothekenindex.at/apotheken/burgenland/guessing?osCsid=bf480b83c8582a6a5b8c2c0a927774a8
3,http://www.apothekenindex.at/apotheken/burgenland/jenersdorf?osCsid=bf480b83c8582a6a5b8c2c0a927774a8
4,http://www.apothekenindex.at/apotheken/burgenland/mattersburg?osCsid=bf480b83c8582a6a5b8c2c0a927774a8
5,http://www.apothekenindex.at/apotheken/burgenland/neusiedl?osCsid=bf480b83c8582a6a5b8c2c0a927774a8
6,http://www.apothekenindex.at/apotheken/burgenland/oberpullendorf?osCsid=bf480b83c8582a6a5b8c2c0a927774a8
7,http://www.apothekenindex.at/apotheken/burgenland/oberwart?osCsid=bf480b83c8582a6a5b8c2c0a927774a8
8,http://www.apothekenindex.at/apotheken/kaernten/feldkirchen?osCsid=bf480b83c8582a6a5b8c2c0a927774a8
9,http://www.apothekenindex.at/apotheken/kaernten/hermagor?osCsid=bf480b83c8582a6a5b8c2c0a927774a8
10,http://www.apothekenindex.at/apotheken/kaernten/klagenfurt-land?osCsid=bf480b83c8582a6a5b8c2c0a927774a8
11,http://www.apothekenindex.at/apotheken/kaernten/klagenfurt-stadt?osCsid=bf480b83c8582a6a5b8c2c0a927774a8
12,http://www.apothekenindex.at/apotheken/kaernten/spittal-an-der-drau?osCsid=bf480b83c8582a6a5b8c2c0a927774a8
13,http://www.apothekenindex.at/apotheken/kaernten/sankt-veit-an-der-glan?osCsid=bf480b83c8582a6a5b8c2c0a927774a8
14,http://www.apothekenindex.at/apotheken/kaernten/villach?osCsid=bf480b83c8582a6a5b8c2c0a927774a8
15,http://www.apothekenindex.at/apotheken/kaernten/voelkermarkt?osCsid=bf480b83c8582a6a5b8c2c0a927774a8
16,http://www.apothekenindex.at/apotheken/kaernten/wolfsberg?osCsid=bf480b83c8582a6a5b8c2c0a927774a8
17,http://www.apothekenindex.at/apotheken/niederoesterreich/amstetten?osCsid=bf480b83c8582a6a5b8c2c0a927774a8
18,http://www.apothekenindex.at/apotheken/niederoesterreich/baden?osCsid=bf480b83c8582a6a5b8c2c0a927774a8
19,http://www.apothekenindex.at/apotheken/niederoesterreich/bruck-an-der-leitha?osCsid=bf480b83c8582a6a5b8c2c0a927774a8
20,http://www.apothekenindex.at/apotheken/niederoesterreich/gmuend?osCsid=bf480b83c8582a6a5b8c2c0a927774a8
21,http://www.apothekenindex.at/apotheken/niederoesterreich/gaenserndorf?osCsid=bf480b83c8582a6a5b8c2c0a927774a8
22,http://www.apothekenindex.at/apotheken/niederoesterreich/hollabrunn?osCsid=bf480b83c8582a6a5b8c2c0a927774a8
23,http://www.apothekenindex.at/apotheken/niederoesterreich/horn?osCsid=bf480b83c8582a6a5b8c2c0a927774a8
24,http://www.apothekenindex.at/apotheken/niederoesterreich/korneuburg?osCsid=bf480b83c8582a6a5b8c2c0a927774a8
25,http://www.apothekenindex.at/apotheken/niederoesterreich/krems?osCsid=bf480b83c8582a6a5b8c2c0a927774a8
26,http://www.apothekenindex.at/apotheken/niederoesterreich/lilienfeld?osCsid=bf480b83c8582a6a5b8c2c0a927774a8
27,http://www.apothekenindex.at/apotheken/niederoesterreich/melk?osCsid=bf480b83c8582a6a5b8c2c0a927774a8
28,http://www.apothekenindex.at/apotheken/niederoesterreich/mistelbach?osCsid=bf480b83c8582a6a5b8c2c0a927774a8
29,http://www.apothekenindex.at/apotheken/niederoesterreich/moedling?osCsid=bf480b83c8582a6a5b8c2c0a927774a8
30,http://www.apothekenindex.at/apotheken/niederoesterreich/neunkirchen?osCsid=bf480b83c8582a6a5b8c2c0a927774a8
31,http://www.apothekenindex.at/apotheken/niederoesterreich/scheibbs?osCsid=bf480b83c8582a6a5b8c2c0a927774a8
32,http://www.apothekenindex.at/apotheken/niederoesterreich/sankt-poelten-land?osCsid=bf480b83c8582a6a5b8c2c0a927774a8
33,http://www.apothekenindex.at/apotheken/niederoesterreich/sankt-poelten-stadt?osCsid=bf480b83c8582a6a5b8c2c0a927774a8
34,http://www.apothekenindex.at/apotheken/niederoesterreich/tulln?osCsid=bf480b83c8582a6a5b8c2c0a927774a8
35,http://www.apothekenindex.at/apotheken/niederoesterreich/waidhofen-an-der-thaya?osCsid=bf480b83c8582a6a5b8c2c0a927774a8
36,http://www.apothekenindex.at/apotheken/niederoesterreich/waidhofen-an-der-ybbs?osCsid=bf480b83c8582a6a5b8c2c0a927774a8
37,http://www.apothekenindex.at/apotheken/niederoesterreich/wien-umgebung?osCsid=bf480b83c8582a6a5b8c2c0a927774a8
38,http://www.apothekenindex.at/apotheken/niederoesterreich/wiener-neustadt?osCsid=bf480b83c8582a6a5b8c2c0a927774a8
39,http://www.apothekenindex.at/apotheken/niederoesterreich/zwettl?osCsid=bf480b83c8582a6a5b8c2c0a927774a8
40,http://www.apothekenindex.at/apotheken/oberoesterreich/braunau?osCsid=bf480b83c8582a6a5b8c2c0a927774a8
41,http://www.apothekenindex.at/apotheken/oberoesterreich/eferding?osCsid=bf480b83c8582a6a5b8c2c0a927774a8
42,http://www.apothekenindex.at/apotheken/oberoesterreich/freistadt?osCsid=bf480b83c8582a6a5b8c2c0a927774a8
43,http://www.apothekenindex.at/apotheken/oberoesterreich/gmunden?osCsid=bf480b83c8582a6a5b8c2c0a927774a8
44,http://www.apothekenindex.at/apotheken/oberoesterreich/grieskirchen?osCsid=bf480b83c8582a6a5b8c2c0a927774a8
45,http://www.apothekenindex.at/apotheken/oberoesterreich/kirchdorf?osCsid=bf480b83c8582a6a5b8c2c0a927774a8
46,http://www.apothekenindex.at/apotheken/oberoesterreich/linz-land?osCsid=bf480b83c8582a6a5b8c2c0a927774a8
47,http://www.apothekenindex.at/apotheken/oberoesterreich/linz-stadt?osCsid=bf480b83c8582a6a5b8c2c0a927774a8
48,http://www.apothekenindex.at/apotheken/oberoesterreich/perg?osCsid=bf480b83c8582a6a5b8c2c0a927774a8
49,http://www.apothekenindex.at/apotheken/oberoesterreich/ried?osCsid=bf480b83c8582a6a5b8c2c0a927774a8
50,http://www.apothekenindex.at/apotheken/oberoesterreich/rohrbach?osCsid=bf480b83c8582a6a5b8c2c0a927774a8
51,http://www.apothekenindex.at/apotheken/oberoesterreich/schaerding?osCsid=bf480b83c8582a6a5b8c2c0a927774a8
52,http://www.apothekenindex.at/apotheken/oberoesterreich/steyr-land?osCsid=bf480b83c8582a6a5b8c2c0a927774a8
53,http://www.apothekenindex.at/apotheken/oberoesterreich/steyr-stadt?osCsid=bf480b83c8582a6a5b8c2c0a927774a8
54,http://www.apothekenindex.at/apotheken/oberoesterreich/urfahr?osCsid=bf480b83c8582a6a5b8c2c0a927774a8
55,http://www.apothekenindex.at/apotheken/oberoesterreich/voecklabruck?osCsid=bf480b83c8582a6a5b8c2c0a927774a8
56,http://www.apothekenindex.at/apotheken/oberoesterreich/wels-land?osCsid=bf480b83c8582a6a5b8c2c0a927774a8
57,http://www.apothekenindex.at/apotheken/oberoesterreich/wels-stadt?osCsid=bf480b83c8582a6a5b8c2c0a927774a8
58,http://www.apothekenindex.at/apotheken/salzburg/hallein-tennengau?osCsid=bf480b83c8582a6a5b8c2c0a927774a8
59,http://www.apothekenindex.at/apotheken/salzburg/salzburg-land-flachgau?osCsid=bf480b83c8582a6a5b8c2c0a927774a8
60,http://www.apothekenindex.at/apotheken/salzburg/salzburg-stadt?osCsid=bf480b83c8582a6a5b8c2c0a927774a8
61,http://www.apothekenindex.at/apotheken/salzburg/st-johann-pongau?osCsid=bf480b83c8582a6a5b8c2c0a927774a8
62,http://www.apothekenindex.at/apotheken/salzburg/tamsweg-lungau?osCsid=bf480b83c8582a6a5b8c2c0a927774a8
63,http://www.apothekenindex.at/apotheken/salzburg/zell-am-see-pinzgau?osCsid=bf480b83c8582a6a5b8c2c0a927774a8
64,http://www.apothekenindex.at/apotheken/steiermark/bruck-an-der-mur?osCsid=bf480b83c8582a6a5b8c2c0a927774a8
65,http://www.apothekenindex.at/apotheken/steiermark/deutschlandsberg?osCsid=bf480b83c8582a6a5b8c2c0a927774a8
66,http://www.apothekenindex.at/apotheken/steiermark/feldbach?osCsid=bf480b83c8582a6a5b8c2c0a927774a8
67,http://www.apothekenindex.at/apotheken/steiermark/fuerstenfeld?osCsid=bf480b83c8582a6a5b8c2c0a927774a8
68,http://www.apothekenindex.at/apotheken/steiermark/graz-stadt?osCsid=bf480b83c8582a6a5b8c2c0a927774a8
69,http://www.apothekenindex.at/apotheken/steiermark/graz-umgebung?osCsid=bf480b83c8582a6a5b8c2c0a927774a8
70,http://www.apothekenindex.at/apotheken/steiermark/hartberg?osCsid=bf480b83c8582a6a5b8c2c0a927774a8
71,http://www.apothekenindex.at/apotheken/steiermark/judenburg?osCsid=bf480b83c8582a6a5b8c2c0a927774a8
72,http://www.apothekenindex.at/apotheken/steiermark/knittelfeld?osCsid=bf480b83c8582a6a5b8c2c0a927774a8
73,http://www.apothekenindex.at/apotheken/steiermark/leibnitz?osCsid=bf480b83c8582a6a5b8c2c0a927774a8
74,http://www.apothekenindex.at/apotheken/steiermark/leoben?osCsid=bf480b83c8582a6a5b8c2c0a927774a8
75,http://www.apothekenindex.at/apotheken/steiermark/liezen?osCsid=bf480b83c8582a6a5b8c2c0a927774a8
76,http://www.apothekenindex.at/apotheken/steiermark/murau?osCsid=bf480b83c8582a6a5b8c2c0a927774a8
77,http://www.apothekenindex.at/apotheken/steiermark/muerzzuschlag?osCsid=bf480b83c8582a6a5b8c2c0a927774a8
78,http://www.apothekenindex.at/apotheken/steiermark/radkersbung?osCsid=bf480b83c8582a6a5b8c2c0a927774a8
79,http://www.apothekenindex.at/apotheken/steiermark/voitsberg?osCsid=bf480b83c8582a6a5b8c2c0a927774a8
80,http://www.apothekenindex.at/apotheken/steiermark/weiz?osCsid=bf480b83c8582a6a5b8c2c0a927774a8
81,http://www.apothekenindex.at/apotheken/tirol/imst?osCsid=bf480b83c8582a6a5b8c2c0a927774a8
82,http://www.apothekenindex.at/apotheken/tirol/innsbruck-land?osCsid=bf480b83c8582a6a5b8c2c0a927774a8
83,http://www.apothekenindex.at/apotheken/tirol/innsbruck-stadt?osCsid=bf480b83c8582a6a5b8c2c0a927774a8
84,http://www.apothekenindex.at/apotheken/tirol/kitzbuehel?osCsid=bf480b83c8582a6a5b8c2c0a927774a8
85,http://www.apothekenindex.at/apotheken/tirol/kufstein?osCsid=bf480b83c8582a6a5b8c2c0a927774a8
86,http://www.apothekenindex.at/apotheken/tirol/landeck?osCsid=bf480b83c8582a6a5b8c2c0a927774a8
87,http://www.apothekenindex.at/apotheken/tirol/lienz?osCsid=bf480b83c8582a6a5b8c2c0a927774a8
88,http://www.apothekenindex.at/apotheken/tirol/reutte?osCsid=bf480b83c8582a6a5b8c2c0a927774a8
89,http://www.apothekenindex.at/apotheken/tirol/schwaz?osCsid=bf480b83c8582a6a5b8c2c0a927774a8
90,http://www.apothekenindex.at/apotheken/vorarlberg/bludenz?osCsid=bf480b83c8582a6a5b8c2c0a927774a8
91,http://www.apothekenindex.at/apotheken/vorarlberg/bregenz?osCsid=bf480b83c8582a6a5b8c2c0a927774a8
92,http://www.apothekenindex.at/apotheken/vorarlberg/dornbirn?osCsid=bf480b83c8582a6a5b8c2c0a927774a8
93,http://www.apothekenindex.at/apotheken/vorarlberg/feldkirch?osCsid=bf480b83c8582a6a5b8c2c0a927774a8
94,http://www.apothekenindex.at/apotheken/wien/1-bezirk-innere-stadt?osCsid=bf480b83c8582a6a5b8c2c0a927774a8
95,http://www.apothekenindex.at/apotheken/wien/2-bezirk-leopoldstadt?osCsid=bf480b83c8582a6a5b8c2c0a927774a8
96,http://www.apothekenindex.at/apotheken/wien/3-bezirk-landstrasse?osCsid=bf480b83c8582a6a5b8c2c0a927774a8
97,http://www.apothekenindex.at/apotheken/wien/4-bezirk-wieden?osCsid=bf480b83c8582a6a5b8c2c0a927774a8
98,http://www.apothekenindex.at/apotheken/wien/5-bezirk-margareten?osCsid=bf480b83c8582a6a5b8c2c0a927774a8
99,http://www.apothekenindex.at/apotheken/wien/6-bezirk-mariahilf?osCsid=bf480b83c8582a6a5b8c2c0a927774a8
100,http://www.apothekenindex.at/apotheken/wien/7-bezirk-neubau?osCsid=bf480b83c8582a6a5b8c2c0a927774a8
101,http://www.apothekenindex.at/apotheken/wien/8-bezirk-josefstadt?osCsid=bf480b83c8582a6a5b8c2c0a927774a8
102,http://www.apothekenindex.at/apotheken/wien/9-bezirk-alsergrund?osCsid=bf480b83c8582a6a5b8c2c0a927774a8
103,http://www.apothekenindex.at/apotheken/wien/10-bezirk-favoriten?osCsid=bf480b83c8582a6a5b8c2c0a927774a8
104,http://www.apothekenindex.at/apotheken/wien/11-bezirk-simmering?osCsid=bf480b83c8582a6a5b8c2c0a927774a8
105,http://www.apothekenindex.at/apotheken/wien/12-bezirk-meidling?osCsid=bf480b83c8582a6a5b8c2c0a927774a8
106,http://www.apothekenindex.at/apotheken/wien/13-bezirk-hietzing?osCsid=bf480b83c8582a6a5b8c2c0a927774a8
107,http://www.apothekenindex.at/apotheken/wien/14-bezirk-penzing?osCsid=bf480b83c8582a6a5b8c2c0a927774a8
108,http://www.apothekenindex.at/apotheken/wien/15-bezirk-rudolfsheim-fuenfhaus?osCsid=bf480b83c8582a6a5b8c2c0a927774a8
109,http://www.apothekenindex.at/apotheken/wien/16-bezirk-ottakring?osCsid=bf480b83c8582a6a5b8c2c0a927774a8
110,http://www.apothekenindex.at/apotheken/wien/17-bezirk-hernals?osCsid=bf480b83c8582a6a5b8c2c0a927774a8
111,http://www.apothekenindex.at/apotheken/wien/18-bezirk-waehring?osCsid=bf480b83c8582a6a5b8c2c0a927774a8
112,http://www.apothekenindex.at/apotheken/wien/19-bezirk-doebling?osCsid=bf480b83c8582a6a5b8c2c0a927774a8
113,http://www.apothekenindex.at/apotheken/wien/20-bezirk-brigittenau?osCsid=bf480b83c8582a6a5b8c2c0a927774a8
114,http://www.apothekenindex.at/apotheken/wien/21-bezirk-floridsdorf?osCsid=bf480b83c8582a6a5b8c2c0a927774a8
115,http://www.apothekenindex.at/apotheken/wien/22-bezirk-donaustadt?osCsid=bf480b83c8582a6a5b8c2c0a927774a8
116,http://www.apothekenindex.at/apotheken/wien/23-bezirk-liesing?osCsid=bf480b83c8582a6a5b8c2c0a927774a8
